unit_id,num_spikes,firing_rate,presence_ratio,snr,isi_violations_ratio,isi_violations_count,sliding_rp_violation,amplitude_cutoff,amplitude_median,amplitude_cv_median,amplitude_cv_range,sync_spike_2,sync_spike_4,sync_spike_8,firing_range,drift_ptp,drift_std,drift_mad,sd_ratio,isolation_distance,l_ratio,d_prime,silhouette,nn_hit_rate,nn_miss_rate,peak_to_valley,peak_trough_ratio,half_width,repolarization_slope,recovery_slope,num_positive_peaks,num_negative_peaks
0,9852.0,5.4732723,1.0,2.7966685,0.006181691,1.0,0.005,2.6267004e-05,-50.354004,0.42507556,0.1617612,0.014311815,0.0,0.0,1.4,0.22811836,0.060384486,0.049838666,,,,,,,,0.00072,-0.109953575,0.00047,73156.28,-11773.776,1.0,1.0
1,1471.0,0.8172131,1.0,117.39368,0.0,0.0,0.1,0.030811794,-2473.6404,0.15899332,0.054055184,0.5050986,0.0,0.0,1.4,,,,,806.4675,0.16174039,5.453262,0.21224676,0.6535,0.024176162,0.00191,-0.0014356626,0.00021,641037.2,-32610.744,0.0,1.0
2,2510.0,1.394429,1.0,79.302216,98.95191,1039.0,,0.051627956,-2051.9258,0.7059958,0.101325095,0.42031872,0.0,0.0,2.8,,,,,68.69422,0.44123304,2.4057343,0.14390667,0.597,0.031606097,0.00161,-0.00042035908,0.00051,474798.34,-10211.305,0.0,2.0
3,1469.0,0.816102,1.0,127.62451,0.0,0.0,0.1,0.020454617,-2624.7024,0.06939462,0.04133377,0.16541865,0.0,0.0,1.4,,,,,664.47485,0.02970434,9.718303,0.439118,0.9425,0.0049661226,0.00172,-0.00013936733,0.00019,609155.2,-5377.8433,0.0,1.0
6,80.0,0.04444395,0.9,110.0798,0.0,0.0,,,-2347.7554,,,0.0125,0.0,0.0,0.2,,,,,209.74083,0.00017382421,8.175749,0.031059839,0.38125,0.0076294476,0.00189,-0.0018932418,0.00021,666641.25,-4013.3503,0.0,1.0
7,44.0,0.024444172,0.73333335,115.63181,0.0,0.0,,,-2574.3486,,,0.022727273,0.0,0.0,0.2,,,,,428432720000000.0,,4.701906,0.023745751,0.2215909,0.0052158274,0.00192,-0.00093510334,0.0002,600249.3,-6737.4434,0.0,1.0
8,679.0,0.37721804,1.0,115.867584,16.918423,13.0,,0.37105983,-2719.1162,0.35490885,0.22959064,0.17378497,0.0,0.0,0.81,,,,,192.10484,0.108783744,3.9800823,0.029348927,0.813,0.013396982,0.00189,4.1728658e-08,0.00018,,,0.0,1.0
9,54.0,0.029999666,0.8,125.95588,0.0,0.0,,,-2772.6172,,,0.018518519,0.0,0.0,0.2,,,,,246342600000000.0,,5.124383,0.022924704,0.5277778,0.0038544668,0.00192,-0.0022663602,0.00019,714527.8,-23818.139,0.0,1.0
10,11.0,0.006111043,0.23333333,130.29918,0.0,0.0,,,-2719.1162,,,0.0,0.0,0.0,0.0,,,,,3.6393165e+16,,7.4740715,0.06155308,0.022727273,0.0012888444,0.00197,-0.0038328634,0.00019,852714.5,-17986.908,0.0,1.0
11,22.0,0.012222086,0.53333336,132.54282,0.0,0.0,,,-2819.8242,,,0.0,0.0,0.0,0.2,,,,,9542450000000000.0,,5.809548,0.03906578,0.19318181,0.0021156052,0.00188,-0.002966737,0.00018,573514.7,-9218.479,0.0,1.0
12,36.0,0.019999778,0.73333335,136.96742,0.0,0.0,,,-2794.6475,,,0.7222222,0.0,0.0,0.2,,,,,1.0315133e+16,,5.4406314,0.15795211,0.2638889,0.004706812,0.00161,-0.0023408625,0.00018,741349.3,-17366.584,0.0,1.0
13,87.0,0.048332796,0.8333333,119.64621,0.0,0.0,,,-2473.6404,,,0.022988506,0.0,0.0,0.2,,,,,152.0193,0.0045035435,7.1800194,0.022704318,0.32471263,0.00770957,0.00222,9.370856e-05,0.00022,,,0.0,1.0
14,9.0,0.0049999445,0.2,127.91462,0.0,0.0,,,-2542.8772,,,0.0,0.0,0.0,0.0,,,,,3142739500000000.0,,7.145325,0.08099608,0.055555556,0.0013242663,0.00161,-0.0015816207,0.00021,666223.3,1872.1455,0.0,1.0
15,673.0,0.37388474,1.0,1.0984546,0.0,0.0,,0.0026647004,-6.2942505,1.9936444,0.52053547,0.022288261,0.0,0.0,0.4,,,,,534.5923,0.11227153,3.7233274,0.004845788,0.7595,0.08488372,0.00147,0.008856974,0.00017,,,1.0,1.0
16,112.0,0.06222153,0.96666664,0.7656837,0.0,0.0,,,-9.094947e-08,,,0.08928572,0.0,0.0,0.2,,,,,38.90308,0.7897827,1.8730271,0.004346211,0.15401785,0.073152564,0.00112,-0.117593445,0.00017,42282.773,-2626.8564,1.0,1.0
17,36.0,0.019999778,0.76666665,0.6380309,0.0,0.0,,,-9.094947e-08,,,0.0,0.0,0.0,0.2,,,,,1.6854404e+16,,5.419101,0.058123697,0.4027778,0.0051175132,0.0005,0.03737116,0.00221,,,0.0,4.0
18,2076.0,1.1533206,1.0,5.2818384,0.0,0.0,0.05,0.0022290845,-81.82526,0.2467916,0.08109459,0.018304432,0.0,0.0,0.8,,,,,425.219,0.00018379091,6.4641953,0.16946013,0.975,0.088495575,0.00051,-0.026926583,0.0002,295300.03,-3548.3967,1.0,1.0
19,84.0,0.04666615,0.93333334,3.5483363,0.0,0.0,,,-62.942505,,,0.0,0.0,0.0,0.2,,,,,,,,,,,0.00193,-0.055056904,0.0002,50894.04,-33644.434,1.0,1.0
20,1767.0,0.9816558,1.0,4.0525894,0.0,0.0,0.07,0.00041332142,-75.531006,0.27832904,0.121913254,0.014714205,0.0,0.0,2.2,,,,,288.0918,0.00172303,10.031705,0.14154811,0.9615,0.01407767,0.0012,-0.14882393,0.00023,82886.82,-17791.848,1.0,1.0
22,1722.0,0.95665604,1.0,9.643288,0.0,0.0,0.07,0.0007690567,-214.00452,0.1763393,0.05628629,0.016260162,0.0,0.0,1.0,,,,,522.42303,0.0,20.228413,0.23179536,0.9995,0.0,0.00205,0.00017683693,0.00023,,,1.0,1.0
23,3647.0,2.0260887,1.0,3.5919344,0.045111217,1.0,0.155,0.00022808442,-56.648254,0.54795134,0.15533718,0.012887305,0.0,0.0,1.8,0.35364583,0.052528806,0.06678835,,46.592396,0.9727982,1.7007087,0.04809671,0.497,0.077937014,0.00207,0.0009743797,0.00022,,,1.0,1.0
24,1.0,0.0005555494,0.033333335,10.0389185,0.0,0.0,,,-195.12177,,,0.0,0.0,0.0,0.0,,,,,,,11.422486,1.0,0.0,0.0012327416,0.00146,0.009826363,0.00014,,,1.0,1.0
26,10.0,0.0055554938,0.3,2.8073359,0.0,0.0,,,-37.765503,,,0.1,0.0,0.0,0.0,,,,,7887611000000000.0,,7.424047,0.110579155,0.125,0.0015832328,0.0003,-0.9459613,0.00067,389693.97,-17697.3,2.0,2.0
27,22.0,0.012222086,0.5,2.5024068,0.0,0.0,,,-50.354004,,,0.0,0.0,0.0,0.2,,,,,3950818800000000.0,,4.3031697,0.11346975,0.4090909,0.002118644,0.00022,-0.5448736,0.00016,389779.4,-6025.669,3.0,1.0
28,58.0,0.032221865,0.8,2.2252505,0.0,0.0,,,-31.471252,,,0.0,0.0,0.0,0.2,,,,,571.7142,1.8759177e-08,7.3921633,0.033988584,0.5215517,0.007267442,0.00148,0.017798834,0.00073,,,1.0,1.0
29,1554.0,0.86332375,1.0,4.2664237,0.24845861,1.0,0.285,0.004130534,-69.236755,0.3431355,0.11238456,0.018018018,0.0,0.0,1.4,,,,,50.895424,0.6816195,2.089817,0.017536104,0.418,0.10828026,0.0007,-0.036013257,0.00018,296744.47,-3889.4048,1.0,1.0
30,59.0,0.032777414,0.8333333,1.7920481,0.0,0.0,,,-25.177002,,,0.0,0.0,0.0,0.2,,,,,597.982,5.825743e-06,7.7940884,0.033894792,0.61440676,0.008953168,0.00149,0.0011447092,0.00057,,,1.0,1.0
31,61.0,0.03388851,0.9,5.1699924,0.0,0.0,,,-81.82526,,,0.016393442,0.0,0.0,0.2,,,,,99.51154,0.0026947414,2.8638341,0.048181172,0.08196721,0.011026034,0.0007,-0.048052903,0.00017,322662.34,-638.4866,1.0,1.0
32,180.0,0.09999889,1.0,5.5092483,0.0,0.0,,,-100.70801,,,0.0055555557,0.0,0.0,0.4,,,,,135.81306,9.359724e-05,4.1677613,0.1590339,0.9930556,0.9375,0.00105,-0.03427064,0.00018,200651.89,-2142.7546,1.0,1.0
33,4.0,0.0022221976,0.1,6.1691146,0.0,0.0,,,-110.14938,,,0.0,0.0,0.0,0.0,,,,,1.5044567e+16,,4.167763,0.16998476,0.0625,0.0069444445,0.00091,-0.040130813,0.00021,102882.96,-11370.29,1.0,2.0
34,100.0,0.055554938,0.93333334,5.5308166,0.0,0.0,,,-12.588501,,,0.14,0.0,0.0,0.2,,,,,64.61137,0.17937075,2.0769668,0.06668697,0.355,0.010163112,0.00059,-0.40983972,0.00019,600344.0,-98471.84,2.0,2.0
35,78.0,0.043332852,0.93333334,18.745434,0.0,0.0,,,-352.47803,,,0.012820513,0.0,0.0,0.2,,,,,174.40807,1.6009719e-09,3.8141325,0.39717138,0.83653843,0.00043673572,0.00034,-0.105312034,0.00015,1395754.4,-37030.312,1.0,1.0
36,425.0,0.23610848,1.0,16.856089,0.0,0.0,,,-276.94702,,,0.8611765,0.002352941,0.0,0.6,,,,,56.657063,0.55347806,3.036678,0.035617772,0.4664706,0.06393442,0.00045,-0.08116543,0.00017,1592277.1,-27770.61,1.0,1.0
37,5.0,0.0027777469,0.16666667,23.232428,0.0,0.0,,,-390.24353,,,0.0,0.0,0.0,0.0,,,,,2.3784092e+16,,5.816625,0.3494762,0.25,0.0,0.00052,-0.070027046,0.00015,1471884.9,-29833.322,1.0,1.0
38,29.0,0.016110932,0.6666667,22.948154,0.0,0.0,,,-383.94928,,,0.03448276,0.0,0.0,0.2,,,,,1.5779804e+17,,6.7783847,0.42853728,0.9913793,0.00024654833,0.00033,-0.093023814,0.00015,1701423.4,-33247.754,1.0,1.0
39,425.0,0.23610848,1.0,18.35055,0.0,0.0,,,-302.12402,,,0.85882354,0.002352941,0.0,0.6,,,,,58.974907,0.5413641,2.9603682,0.011651082,0.5435294,0.056284152,0.00038,-0.09176716,0.00019,1589184.2,-30992.113,1.0,1.0
40,71.0,0.039444007,1.0,20.234692,0.0,0.0,,,-371.36078,,,0.74647886,0.0,0.0,0.2,,,,,63.979088,0.4377409,2.6740537,0.018400969,0.21830986,0.013390632,0.00033,-0.07093149,0.00015,1377090.8,-26105.299,1.0,1.0
41,203.0,0.112776525,1.0,21.596966,14.560088,1.0,,,-371.36078,,,0.5369458,0.0,0.0,0.4,,,,,60.894817,0.43824163,3.3573012,0.012905455,0.5258621,0.021509532,0.00033,-0.09185856,0.00015,1464121.8,-30569.607,1.0,1.0
43,295.0,0.16388707,1.0,21.203896,0.0,0.0,,,-358.77228,,,0.0033898305,0.0,0.0,0.4,,,,,309.27295,0.036537305,10.80376,0.018897722,0.89661014,0.008970976,0.00034,-0.09392239,0.00016,1586142.0,-33959.617,1.0,1.0
44,37.0,0.020555327,0.6666667,21.146164,0.0,0.0,,,-365.06653,,,0.0,0.0,0.0,0.2,,,,,1560118400000000.0,,4.330894,0.014433052,0.08783784,0.00784338,0.00033,-0.102620274,0.00015,1532145.2,-37369.21,1.0,1.0
45,6.0,0.0033332964,0.2,12.365645,0.0,0.0,,,-258.06427,,,0.16666667,0.0,0.0,0.0,,,,,1254362000000000.0,,2.9183617,0.016622676,0.041666668,0.000919343,0.00018,-0.24264315,0.00046,1677372.6,94327.875,2.0,2.0
46,60.0,0.033332963,0.8666667,0.3065863,0.0,0.0,,,-9.094947e-08,,,0.0,0.0,0.0,0.2,,,,,715.3389,0.0,3.983238,0.15418792,0.4875,0.0021390375,0.00137,0.04218056,0.00267,,,0.0,5.0
47,62.0,0.03444406,0.9,0.21757738,0.0,0.0,,,-9.094947e-08,,,0.06451613,0.0,0.0,0.2,,,,,185.5013,0.0023061081,1.3769829,0.0055326354,0.008064516,0.010098096,0.00033,-0.92558897,0.00098,52449.133,4318.9224,8.0,4.0
48,737.0,0.4094399,1.0,0.45794287,0.0,0.0,,0.0040999614,-9.094947e-08,7.020258,2.3541927,0.024423338,0.0,0.0,0.6,,,,,48.51043,2.3039954,1.2693585,0.0017723278,0.139,0.06817832,0.00013,0.050407175,0.00016,,,1.0,1.0
50,733.0,0.4072177,1.0,7.5367284,0.0,0.0,,0.006665306,-157.35626,0.30805516,0.1023528,0.015006822,0.0,0.0,0.8,,,,,295.6668,0.0024059503,8.678035,0.1512545,0.987,0.03737864,0.00032,-0.008547933,0.00016,603877.3,6926.6265,1.0,1.0
51,1.0,0.0005555494,0.033333335,8.784054,0.0,0.0,,,-176.23901,,,0.0,0.0,0.0,0.0,,,,,,,16.540442,1.0,0.0,0.00049309665,0.00032,-0.31366277,0.00015,999665.3,-68277.55,2.0,2.0
52,6.0,0.0033332964,0.16666667,2.1437275,0.0,0.0,,,-72.38388,,,0.0,0.0,0.0,0.0,,,,,1.2000477e+16,,13.231242,0.3689874,0.75,0.0007433102,0.00118,-0.3828871,0.00145,130473.74,-21892.354,1.0,2.0
53,3.0,0.0016666482,0.1,6.0651803,0.0,0.0,,,-113.29651,,,0.0,0.0,0.0,0.0,,,,,3.9077945e+16,,4.657502,0.25537595,0.0,0.00049407117,0.00133,-0.10880938,0.00018,488638.72,-12315.363,1.0,1.0
54,4.0,0.0022221976,0.13333334,6.4311824,0.0,0.0,,,-125.88501,,,0.0,0.0,0.0,0.0,,,,,2062702900000000.0,,5.309772,0.2142808,0.0625,0.006429278,0.0012,-0.085365854,0.00019,92247.79,-11794.667,1.0,1.0
55,38.0,0.021110877,0.56666666,3.4098167,3324.1367,8.0,,,-56.648254,,,0.7105263,0.0,0.0,0.2,,,,,5840757700000000.0,,3.4744737,0.023993215,0.5986842,0.021568628,0.00035,0.06110641,0.00102,,,1.0,1.0
56,1387.0,0.770547,1.0,2.8075147,0.0,0.0,0.25,0.018886387,-37.765503,0.505165,0.426872,0.019466475,0.0,0.0,1.4,,,,,1727.1259,6.894802e-05,6.7486687,0.12915409,0.961,0.119205296,0.00167,-0.060540218,0.00017,39503.438,-23588.357,1.0,1.0
57,81.0,0.0449995,0.93333334,4.9508,0.0,0.0,,,-69.236755,,,0.012345679,0.0,0.0,0.2,,,,,328.95447,1.5186862e-07,3.8037834,0.029952774,0.44753087,0.05443828,0.0016,-0.16309759,0.00019,150863.95,-12630.76,1.0,1.0
58,127.0,0.07055477,0.96666664,4.532005,0.0,0.0,,,-62.942505,,,0.031496063,0.0,0.0,0.4,,,,,632.97534,0.00810042,3.8429976,0.029509336,0.6043307,0.05925926,0.0019,-0.083465554,0.00017,96604.305,-42382.426,1.0,1.0
61,81.0,0.0449995,0.8333333,19.974478,0.0,0.0,,,-295.82977,,,0.012345679,0.0,0.0,0.2,,,,,3372.593,0.0,30.95119,0.59381217,1.0,0.00083402835,0.00191,-0.01816772,0.00022,82472.47,-7591.2446,0.0,1.0
62,726.0,0.40332887,1.0,2.9557655,0.0,0.0,,0.013314588,-50.354004,0.78352916,0.56858283,0.012396694,0.0,0.0,1.4,,,,,715.25073,0.0,11.897019,0.1829284,1.0,0.0,0.00033,-0.007941632,0.00017,169324.06,1012.3572,1.0,1.0
63,173.0,0.096110046,1.0,11.961062,0.0,0.0,,,-207.71027,,,0.040462427,0.0,0.0,0.4,,,,,239.82016,0.0064087864,7.767344,0.2840703,0.89017344,0.008902078,0.00211,0.0011065695,0.00022,,,1.0,1.0
65,1025.0,0.5694381,1.0,11.93138,1.713285,3.0,,0.010374121,-207.71027,0.09171126,0.07110581,0.9892683,0.0,0.0,1.0,,,,,63.508514,0.36650458,1.7362151,0.04299775,0.5215,0.20894699,0.00199,0.002464066,0.00021,,,1.0,1.0
66,68.0,0.037777357,0.76666665,3.8864322,0.0,0.0,,,-78.67813,,,0.04411765,0.0,0.0,0.2,,,,,102.140656,0.011409811,3.3357482,0.0145661365,0.27941176,0.030872796,9e-05,0.10719009,0.00013,,,1.0,1.0
68,42.0,0.023333075,0.7,1.8289737,0.0,0.0,,,12.588501,,,0.30952382,0.0,0.0,0.2,,,,,1092723600000000.0,,1.939701,0.13403393,0.6547619,0.0052312776,0.00172,-0.1930692,0.00015,19183.598,-36303.1,1.0,2.0
70,1255.0,0.6972145,1.0,3.0339806,0.0,0.0,0.155,0.004841443,-56.648254,0.7027977,0.2816571,0.053386454,0.0,0.0,1.0,,,,,83.76499,0.19300637,3.9558833,0.09090026,0.825,0.05232558,0.00031,-0.07567525,0.00021,280927.16,-60523.97,1.0,1.0
73,77.0,0.042777304,0.9,3.822375,0.0,0.0,,,-75.531006,,,0.025974026,0.0,0.0,0.2,,,,,108.67055,0.0055606477,3.783256,0.010451854,0.30844155,0.028089888,1e-04,0.09118406,0.00014,,,1.0,1.0
75,156.0,0.086665705,1.0,4.8518376,0.0,0.0,,,-75.531006,,,0.012820513,0.0,0.0,0.2,,,,,312.94055,0.013741528,4.102239,0.033921435,0.4246795,0.02535497,0.00181,-0.0077423993,0.0002,30443.523,-26.951305,1.0,2.0
76,148.0,0.08222131,1.0,5.1732235,0.0,0.0,,,-81.82526,,,0.013513514,0.0,0.0,0.2,,,,,212.3088,0.010079174,3.7801473,0.03168504,0.4510135,0.028535353,0.00171,-0.016779238,0.00018,39222.254,-2430.1838,1.0,2.0
77,38.0,0.021110877,0.7,9.128431,0.0,0.0,,,-119.59076,,,0.05263158,0.0,0.0,0.2,,,,,1.4233415e+16,,3.6583402,0.033259396,0.25,0.016866028,0.00161,0.007832057,0.00052,,,1.0,1.0
78,2817.0,1.5649827,1.0,1.9502404,0.0,0.0,0.03,0.00075281307,-25.177002,0.66110766,0.18308073,0.018104367,0.0,0.0,0.8,,,,,167.49043,2.5646044e-08,9.840156,0.16872409,0.969,0.0026499303,0.00148,0.0076490287,0.00056,,,1.0,1.0
79,47.0,0.02611082,0.8,23.033106,0.0,0.0,,,-383.94928,,,1.0,0.0,0.0,0.2,,,,,45.011154,0.53516674,3.6681201,0.016202841,0.19148937,0.0077389795,0.00033,-0.09496431,0.00015,1599529.2,-31802.375,1.0,1.0
80,2668.0,1.4822057,1.0,4.961415,0.0,0.0,0.05,0.0014837537,-81.82526,0.20921172,0.07219277,0.014992503,0.0,0.0,1.4,,,,,139.35068,0.0018408404,8.7168455,0.1607084,0.766,0.00011545567,0.00118,-0.02492461,0.0004,79924.24,-80.76187,0.0,1.0
81,90.0,0.049999446,0.8333333,1.4120897,0.0,0.0,,,-18.882751,,,0.0,0.0,0.0,0.2,,,,,356.79495,4.440892e-17,6.4107327,0.19852956,0.4861111,0.0,0.00164,0.021420557,0.0011,,,1.0,2.0
82,198.0,0.10999878,1.0,4.12472,0.0,0.0,,,-37.765503,,,0.025252525,0.0,0.0,0.4,,,,,286.34396,2.0403256e-06,7.5726504,0.1548962,0.8421717,0.0085227275,0.00211,0.0018516756,0.00021,,,1.0,1.0
83,164.0,0.091110095,1.0,5.074874,0.0,0.0,,,-69.236755,,,0.024390243,0.0,0.0,0.4,,,,,61.34265,0.34849358,1.5153407,0.023347097,0.37957317,0.21587926,0.00053,-0.07451874,0.00014,286434.03,-2577.3652,1.0,1.0
84,128.0,0.07111032,0.96666664,4.614762,0.0,0.0,,,-69.236755,,,0.0078125,0.0,0.0,0.2,,,,,71.107315,0.17582193,1.3929826,0.013017953,0.38476562,0.2410072,0.00101,-0.058425006,0.00016,235749.02,-8268.423,1.0,1.0
85,1201.0,0.6672148,1.0,2.4316843,0.0,0.0,0.145,0.026749821,-18.882751,0.6632932,0.2268433,0.028309742,0.0,0.0,0.6,,,,,910.67786,0.11353269,1.940825,0.09957773,0.8535,0.2733918,0.00187,-0.0729801,0.00026,35333.727,-14824.712,0.0,1.0
86,154.0,0.08555461,1.0,2.7040532,0.0,0.0,,,-25.177002,,,0.019480519,0.0,0.0,0.4,,,,,112.240585,0.055180177,3.2270536,0.18058766,0.6201299,0.07776163,0.00195,-0.08857967,0.00024,36482.215,-21704.97,0.0,1.0
87,52.0,0.028888568,0.8333333,2.4250054,0.0,0.0,,,-18.882751,,,0.115384616,0.0,0.0,0.2,,,,,225.47636,0.017267711,2.205902,0.13135743,0.26923078,0.02943038,0.00179,-0.13586211,0.00025,55671.707,-21023.357,0.0,1.0
88,2436.0,1.3533183,1.0,18.140427,0.0,0.0,0.035,0.004347588,-276.94702,0.15627477,0.05768089,0.013546798,0.0,0.0,1.0,,,,,732.863,0.024819288,6.683968,0.2248451,0.966,0.03141026,0.00192,-0.008394337,0.00023,71763.164,-19623.084,0.0,1.0
89,33.0,0.01833313,0.4,19.608746,0.0,0.0,,,-283.24127,,,0.030303031,0.0,0.0,0.2,,,,,1.6040582e+16,,4.376014,0.060376707,0.31060606,0.014434643,0.00203,-0.0021333683,0.00022,56086.51,-8066.3936,0.0,1.0
90,14.0,0.0077776914,0.33333334,19.572248,0.0,0.0,,,-283.24127,,,0.0,0.0,0.0,0.0,,,,,3.1120815e+16,,4.5123363,0.06628623,0.14285715,0.007306477,0.00183,-0.005374795,0.00022,65515.68,-5427.788,0.0,1.0
91,7.0,0.0038888457,0.2,3.533042,0.0,0.0,,,-37.765503,,,0.0,0.0,0.0,0.0,,,,,7.660546e+16,,9.913095,0.34483388,0.39285713,0.0,7e-05,0.14181037,1e-04,,,4.0,0.0
92,319.0,0.17722026,1.0,2.5499516,0.0,0.0,,,-37.765503,,,0.015673982,0.0,0.0,0.8,,,,,62.258892,0.5311419,5.170536,0.04128574,0.08777429,0.0031666667,0.00143,0.042875156,0.00168,,,1.0,1.0
93,1164.0,0.6466595,1.0,5.3082414,0.0,0.0,0.155,0.0070296964,-94.41376,0.25691167,0.12408839,0.012027492,0.0,0.0,1.4,,,,,192.79642,8.5285157e-10,5.566727,0.049656,0.1,0.0013267627,0.00106,-0.03486964,0.00017,353617.62,-115.151405,1.0,1.0
96,1.0,0.0005555494,0.033333335,3.6458907,0.0,0.0,,,-62.942505,,,0.0,0.0,0.0,0.0,,,,,,,12.276187,1.0,0.0,0.00015037594,0.00109,-0.4244036,0.0002,202875.98,-26882.246,5.0,1.0
97,464.0,0.25777492,1.0,1.9932626,0.0,0.0,,,-31.471252,,,0.01724138,0.0,0.0,0.6,,,,,754.19763,0.0,21.385979,0.21983778,0.9978448,0.001,0.00183,0.0070124953,0.00065,,,1.0,1.0
98,2.0,0.0011110988,0.06666667,1.9837933,0.0,0.0,,,-22.029877,,,0.0,0.0,0.0,0.0,,,,,,,5.4421315,0.31336427,0.0,0.0,0.00209,0.050143775,0.00294,,,0.0,7.0
108,367.0,0.20388663,1.0,4.0218244,0.0,0.0,,,-62.942505,,,0.029972753,0.0,0.0,0.6,,,,,,,,,,,0.00029,-0.13458236,0.00015,470796.75,-15666.691,1.0,1.0
109,610.0,0.33888513,1.0,2.6239843,0.0,0.0,,0.0008465776,-31.471252,0.5308964,0.1169478,0.019672131,0.0,0.0,0.8,,,,,,,,,,,0.00172,0.018676702,0.00068,,,1.0,1.0
110,399.0,0.2216642,1.0,0.43490693,0.0,0.0,,,6.2942505,,,0.015037594,0.0,0.0,0.4,,,,,47.79056,2.7142127,1.2185546,0.001871787,0.11466166,0.054814253,0.00033,0.019959947,0.00023,,,0.0,6.0
111,523.0,0.29055232,1.0,0.12094298,0.0,0.0,,0.014355226,6.2942505,2.834825,0.8374171,0.0114722755,0.0,0.0,0.6,,,,,426.59427,0.0,10.043895,0.138626,0.9925,0.024289984,0.00062,-0.2578545,0.00154,1166.612,-120.76493,1.0,7.0
112,87.0,0.048332796,0.3,4.9743347,0.0,0.0,,,-81.82526,,,0.022988506,0.0,0.0,0.41,,,,,100.42567,0.02898818,2.969709,0.09838745,0.46551725,0.022115385,0.00033,-0.088512525,0.00015,448096.66,-8647.485,1.0,1.0
113,784.0,0.43555072,1.0,5.2181354,0.0,0.0,0.34,0.0049621323,-88.11951,0.2165164,0.088642314,0.024234693,0.0,0.0,0.8,,,,,141.84544,0.07607378,3.5218,0.157975,0.847,0.15988836,0.00033,-0.019645363,0.00017,385613.2,-3620.156,1.0,1.0
114,5.0,0.0027777469,0.16666667,1.6602827,0.0,0.0,,,-25.177002,,,0.0,0.0,0.0,0.0,,,,,,,,,,,0.00182,0.062597916,0.00296,,,0.0,6.0
115,25.0,0.013888734,0.5,1.1375179,0.0,0.0,,,-12.588501,,,0.0,0.0,0.0,0.2,,,,,1.7130537e+17,,11.663282,0.2021487,0.93,0.0022686026,0.00168,0.032895073,0.00194,,,1.0,4.0
117,5168.0,2.8710792,1.0,0.11445887,11.61453,517.0,,0.0036608789,6.2942505,2.4625866,1.0318072,0.021671826,0.0,0.0,1.0,0.94601446,0.20810613,0.15133683,,4085.809,0.23018308,2.5894148,0.0071974597,0.65,0.14544025,0.00147,-1.0640333,0.00264,58.71449,-21248.635,1.0,8.0
118,88.0,0.048888344,0.96666664,0.11005662,0.0,0.0,,,6.2942505,,,0.26136363,0.0,0.0,0.2,,,,,40.101646,0.74221635,1.7721869,0.006089719,0.10511363,0.04067696,0.00134,-2.4238389,0.00241,9631.569,-51783.562,1.0,3.0
119,92.0,0.051110543,0.8666667,0.2147056,0.0,0.0,,,6.2942505,,,0.02173913,0.0,0.0,0.2,,,,,39.14355,0.7635001,1.7482265,0.009481871,0.08423913,0.04970238,0.00139,-0.059288606,0.00283,587.55396,824.07007,0.0,9.0
122,43.0,0.023888623,0.6666667,0.35293075,0.0,0.0,,,-9.094947e-08,,,0.0,0.0,0.0,0.2,,,,,91.367386,0.0068590594,1.5454739,0.0064318893,0.017441861,0.030942742,0.00054,-0.51583916,0.00267,4899.3804,-25855.34,0.0,6.0
123,43.0,0.023888623,0.6,0.4444313,0.0,0.0,,,6.2942505,,,0.0,0.0,0.0,0.2,,,,,76.74081,0.009283884,1.7461681,0.008931858,0.075581394,0.027761713,0.00285,-0.5839384,0.00277,1031.1101,-32655.555,1.0,5.0
128,1490.0,0.82776856,1.0,6.6432123,0.0,0.0,0.095,0.0026417284,-113.29651,0.20460935,0.08716853,0.017449664,0.0,0.0,0.8,,,,,651.1562,0.033875108,3.2253032,0.023618871,0.8365,0.21161418,0.00108,-0.010696288,0.00017,88465.664,-3610.5093,1.0,2.0
129,58.0,0.032221865,0.8666667,6.6077347,0.0,0.0,,,-119.59076,,,0.03448276,0.0,0.0,0.2,,,,,5.6533233e+16,,2.4451535,0.025185214,0.094827585,0.06788793,0.00159,-0.017618407,0.00017,54916.6,-4895.8394,1.0,1.0
130,3988.0,2.2155309,1.0,3.4044912,0.0,0.0,0.015,0.001218166,-44.059753,0.48433545,0.17694467,0.017051153,0.0,0.0,1.4,0.6098485,0.15963802,0.08549333,,565.1066,3.4985657e-08,8.601241,0.18101977,0.986,0.014,0.00128,-0.39331344,0.00048,93078.516,-6241.6587,2.0,1.0
131,411.0,0.22833079,1.0,0.910573,0.0,0.0,,,-6.2942505,,,0.024330901,0.0,0.0,0.6,,,,,292.34137,1.5105527e-10,10.765854,0.10552085,0.85523117,0.003773585,0.00014,0.012300948,0.00012,,,1.0,1.0
132,2672.0,1.4844279,1.0,7.807904,0.0,0.0,0.03,0.0009140907,-138.47351,0.25430575,0.08303866,0.0153443115,0.0,0.0,3.2,,,,,325.9666,0.00022366382,9.406382,0.100653976,0.893,0.034498207,0.00203,0.0010500246,0.00021,,,1.0,1.0
133,10.0,0.0055554938,0.2,1.4199786,0.0,0.0,,,-12.588501,,,0.0,0.0,0.0,0.0,,,,,2.4797844e+16,,11.053021,0.16008501,0.125,0.00020661157,0.00031,0.054653287,0.00187,,,0.0,6.0
134,82.0,0.045555048,0.8333333,0.7152597,0.0,0.0,,,-6.2942505,,,0.0,0.0,0.0,0.2,,,,,688.2802,0.0,15.832738,0.3249071,1.0,0.0,0.00101,-0.25182045,0.00025,29139.627,-5590.001,1.0,0.0
135,171.0,0.09499894,1.0,4.346828,0.0,0.0,,,-62.942505,,,0.023391813,0.0,0.0,0.4,,,,,63.972557,0.2790565,1.1966143,0.012404218,0.3991228,0.26871657,0.00035,-0.14263217,0.00017,314473.34,-6138.5107,1.0,1.0
136,2390.0,1.3277631,1.0,3.6228576,0.0,0.0,0.105,0.0013106092,-50.354004,0.44949532,0.16912678,0.015899582,0.0,0.0,1.0,,,,,355.11594,2.8928055e-08,10.72594,0.15562125,0.9825,0.006,0.00218,0.001504989,0.00018,,,1.0,1.0
137,4700.0,2.611082,1.0,6.177077,0.10864765,4.0,0.11,0.0005641444,-119.59076,0.21729957,0.11042228,0.056170214,0.0,0.0,2.6,0.79207516,0.16181219,0.10411051,,114.13274,0.05858771,4.8337593,0.11095728,0.7805,0.033625,0.00178,0.0012146711,0.00027,,,1.0,1.0
138,256.0,0.14222065,0.96666664,0.45389155,0.0,0.0,,,6.2942505,,,0.015625,0.0,0.0,0.4,,,,,47.96995,3.2158928,1.2758567,0.0025051688,0.043945312,0.025304245,1e-04,0.09481506,0.00015,,,0.0,5.0
139,12.0,0.006666593,0.26666668,1.2456794,0.0,0.0,,,-12.588501,,,0.0,0.0,0.0,0.0,,,,,1.0026515e+16,,5.281951,0.093746744,0.0625,8.2671955e-05,0.0019,0.021359408,0.00288,,,0.0,7.0
140,1240.0,0.6888812,1.0,2.4836245,0.0,0.0,0.135,0.00091652985,-37.765503,0.49122512,0.18561178,0.020967742,0.0,0.0,1.0,,,,,178.1477,0.00035889854,7.6641755,0.20092377,0.99,0.0022315201,0.00132,-0.02690459,0.00078,45739.027,-3212.798,1.0,1.0
141,2876.0,1.5977601,1.0,4.972807,0.0,0.0,0.03,0.0006554939,-88.11951,0.22956389,0.086938575,0.10952712,0.0,0.0,0.8,,,,,307.58606,0.15004566,3.288502,0.06514888,0.7465,0.15929487,0.00106,-0.32668635,0.00033,164619.3,-27014.207,1.0,1.0
142,166.0,0.0922212,1.0,5.4169283,0.0,0.0,,,-94.41376,,,0.030120483,0.0,0.0,0.4,,,,,105.96607,0.06666639,2.982985,0.030426173,0.5090361,0.06956912,0.00107,-0.25920266,0.00028,186446.52,-32351.936,1.0,1.0
143,215.0,0.11944312,1.0,4.912337,0.0,0.0,,,-94.41376,,,0.74883723,0.0,0.0,0.4,,,,,69.61989,0.39424947,1.7076218,0.014421693,0.3523256,0.14953052,0.00105,-0.2962253,0.00031,185957.0,-27900.043,1.0,1.0
144,129.0,0.07166587,0.9,0.3386143,0.0,0.0,,,-9.094947e-08,,,0.007751938,0.0,0.0,0.2,,,,,489.13843,0.00018703473,9.485649,0.17350593,0.8333333,0.0055879494,0.00139,0.0079720775,0.00251,,,0.0,6.0
145,111.0,0.061665982,1.0,0.26969606,0.0,0.0,,,-9.094947e-08,,,0.8378378,0.018018018,0.0,0.2,,,,,56.62366,0.27407053,1.0502896,0.03841816,0.39864865,0.14033942,0.00049,0.03534902,0.0028,,,2.0,3.0
146,3548.0,1.9710892,1.0,4.4516387,0.09532764,2.0,0.17,0.0009812585,-81.82526,0.27479267,0.10358593,0.016065389,0.0,0.0,1.6,0.51812696,0.14170726,0.13851464,,842.00024,0.0,17.545317,0.21605402,0.9975,0.0007780083,0.00094,-0.022380998,0.00023,86183.664,-1049.6558,1.0,1.0
149,19.0,0.010555439,0.5,6.5434146,0.0,0.0,,,-107.00226,,,0.05263158,0.0,0.0,0.2,,,,,3090854700000000.0,,3.0570843,0.05376032,0.065789476,0.008013305,0.00033,-0.013136049,0.00017,420134.53,-7228.7866,1.0,1.0
150,84.0,0.04666615,0.93333334,6.0374217,0.0,0.0,,,-100.70801,,,0.023809524,0.0,0.0,0.2,,,,,69.12693,0.13141508,2.4537508,0.027884707,0.08928572,0.01681061,0.00032,-0.09990679,0.00015,559287.9,-4061.4944,1.0,1.0
151,29.0,0.016110932,0.6666667,3.9853356,0.0,0.0,,,-81.82526,,,0.03448276,0.0,0.0,0.2,,,,,2988172500000000.0,,4.930377,0.15416154,0.62068963,0.0039429786,0.00138,-0.075797625,0.00022,93017.4,-13019.551,1.0,1.0
152,1872.0,1.0399884,1.0,5.059044,0.0,0.0,0.06,0.0010195145,-81.82526,0.24813186,0.079433694,0.011752137,0.0,0.0,1.4,,,,,85.585495,0.15226848,3.491088,0.09370871,0.683,0.05944798,0.00093,-0.051451463,0.00022,103924.92,-7260.765,1.0,1.0
153,99.0,0.05499939,0.96666664,6.102264,0.0,0.0,,,-100.70801,,,0.01010101,0.0,0.0,0.2,,,,,64.17837,0.18648846,2.5491097,0.016280387,0.13383839,0.03261543,0.00031,-0.08092252,0.00015,509053.06,-6015.288,1.0,1.0
154,166.0,0.0922212,1.0,5.4776206,0.0,0.0,,,-88.11951,,,0.006024096,0.0,0.0,0.4,,,,,46.045597,1.0186955,2.384149,0.012513427,0.15512048,0.042246837,0.00033,-0.106327005,0.00016,494488.6,-11837.314,1.0,1.0
155,173.0,0.096110046,1.0,5.9725156,0.0,0.0,,,-100.70801,,,0.011560693,0.0,0.0,0.4,,,,,50.118355,0.6659606,2.495195,0.013833377,0.20953757,0.049714558,0.00032,-0.09658547,0.00016,515255.66,-8061.35,1.0,1.0
157,193.0,0.10722103,1.0,5.5916233,0.0,0.0,,,-88.11951,,,0.005181347,0.0,0.0,0.4,,,,,49.686077,0.71561843,2.3191833,0.014503443,0.2007772,0.057053942,0.00032,-0.1028427,0.00016,509284.5,-10059.115,1.0,1.0
158,8.0,0.004444395,0.26666668,8.777015,0.0,0.0,,,-151.06201,,,0.0,0.0,0.0,0.0,,,,,7020509000000000.0,,11.715985,0.104287796,0.34375,0.0021508096,0.00064,-0.08115661,0.00025,566434.3,-23670.768,1.0,1.0
160,177.0,0.09833224,0.96666664,4.9226117,0.0,0.0,,,-81.82526,,,0.016949153,0.0,0.0,0.4,,,,,74.88094,0.3602217,1.6074382,0.015385678,0.17514125,0.09214167,0.00207,0.005408149,0.0002,,,1.0,2.0
162,20.0,0.0111109875,0.53333336,8.941314,0.0,0.0,,,-157.35626,,,0.0,0.0,0.0,0.2,,,,,1.5425258e+16,,12.031977,0.085176595,0.425,0.002673116,0.00049,-0.01607691,0.00025,472454.78,-12457.624,1.0,1.0
163,194.0,0.10777658,1.0,5.1295466,0.0,0.0,,,-88.11951,,,0.036082473,0.0,0.0,0.4,,,,,75.83106,0.33515486,1.6718701,0.013660809,0.18814433,0.09497207,0.00206,0.0037289415,0.0002,,,1.0,2.0
164,177.0,0.09833224,1.0,6.0228243,0.0,0.0,,,-94.41376,,,0.02259887,0.0,0.0,0.4,,,,,79.2176,0.2533439,2.2352595,0.019533074,0.20762712,0.07567792,0.00205,0.002047784,0.00021,,,1.0,1.0
165,331.0,0.18388684,1.0,5.7328243,0.0,0.0,,,-94.41376,,,0.027190333,0.0,0.0,0.4,,,,,68.385925,0.5985501,1.6742702,0.015164028,0.28625378,0.14564428,0.00208,0.0048569427,0.00022,,,1.0,2.0
167,126.0,0.069999225,1.0,6.8519597,0.0,0.0,,,-107.00226,,,0.031746034,0.0,0.0,0.4,,,,,86.32079,0.1135192,1.8113497,0.023579843,0.13690476,0.04749731,0.00208,0.0030331514,0.00022,,,1.0,1.0
168,173.0,0.096110046,1.0,4.8784776,0.0,0.0,,,-81.82526,,,0.023121387,0.0,0.0,0.4,,,,,75.24996,0.32343498,1.3760649,0.013296183,0.16618498,0.08834898,0.00206,0.0037442541,0.00019,,,1.0,1.0
170,229.0,0.12722081,1.0,6.5643983,0.0,0.0,,,-107.00226,,,0.008733625,0.0,0.0,0.4,,,,,69.82042,0.5850954,1.684516,0.017647782,0.1779476,0.08062678,0.00206,0.00034827227,0.0002,,,1.0,1.0
171,68.0,0.037777357,0.9,5.5931954,0.0,0.0,,,-88.11951,,,0.029411765,0.0,0.0,0.2,,,,,96.061485,0.03248697,2.1067057,0.023236124,0.125,0.045138888,0.0017,-0.015440008,0.00015,317801.78,-9575.894,1.0,1.0
172,364.0,0.20221998,1.0,5.2892723,0.0,0.0,,,-84.97238,,,0.0054945056,0.0,0.0,0.6,,,,,475.19388,0.05616884,3.7079523,0.023825057,0.89285713,0.104753524,0.00032,-0.010867125,0.00015,313876.56,315.43866,1.0,1.0
174,4925.0,2.7360806,1.0,7.6122184,0.8410514,34.0,0.325,0.00020388179,-119.59076,0.5121578,0.15025747,0.027005076,0.0,0.0,1.8,0.40717486,0.10514978,0.08230945,,1204.8833,0.048170477,4.451256,0.08622614,0.9385,0.084487535,0.00193,-0.015650779,0.00018,80236.84,-19217.129,1.0,1.0
175,9.0,0.0049999445,0.26666668,12.343603,0.0,0.0,,,-214.00452,,,0.0,0.0,0.0,0.0,,,,,1.0226358e+16,,4.4160905,0.20586056,0.30555555,0.0032976093,0.00118,-0.083583415,0.00014,838486.06,-42882.496,1.0,1.0
176,39.0,0.021666426,0.76666665,0.4808746,0.0,0.0,,,-9.094947e-08,,,0.0,0.0,0.0,0.2,,,,,6.368897e+16,,9.697657,0.38437212,1.0,0.0,0.00048,-0.14418647,0.00225,17739.418,-12117.809,2.0,5.0
177,422.0,0.23444185,1.0,5.6872725,0.0,0.0,,,-88.11951,,,0.018957347,0.0,0.0,0.6,,,,,123.47842,0.11901524,3.7045178,0.15478262,0.84241706,0.112,0.00035,-0.06586132,0.00018,505783.8,-9736.514,1.0,1.0
178,584.0,0.32444084,1.0,3.120361,0.0,0.0,,0.006026099,-37.765503,0.44496533,0.13552833,0.011986301,0.0,0.0,0.8,,,,,256.88565,0.00044487533,6.9216166,0.051555436,0.589,0.0017502917,0.00145,-0.11800886,0.00023,194559.06,-5980.8877,0.0,1.0
179,21.0,0.011666537,0.46666667,3.9746723,0.0,0.0,,,-50.354004,,,0.1904762,0.0,0.0,0.2,,,,,2157671400000000.0,,3.0841467,0.04530234,0.0,0.0019569471,0.00125,-0.006019517,0.0002,186188.72,-579.1297,0.0,1.0
180,599.0,0.33277407,1.0,4.1047583,0.0,0.0,,0.011350893,-75.531006,0.3168876,0.08257973,0.02003339,0.0,0.0,0.6,,,,,3880.3452,2.4452907e-05,11.092314,0.08246655,0.629,0.00033647375,0.00203,0.0025561089,0.00021,,,1.0,1.0
181,15.0,0.008333241,0.3,2.5616987,0.0,0.0,,,-31.471252,,,0.0,0.0,0.0,0.0,,,,,1.1071524e+17,,6.2202764,0.22030586,0.8333333,0.001573741,0.00012,0.06256699,0.00015,,,1.0,1.0
182,2772.0,1.5399829,1.0,3.6422474,0.0,0.0,0.03,0.0012327487,-44.059753,0.2900957,0.09174207,0.015873017,0.0,0.0,1.0,,,,,864.3507,0.0,21.334936,0.18853483,0.9975,0.0051020407,0.00053,-0.15752816,0.00017,222490.56,-4718.8438,1.0,1.0
183,236.0,0.13110965,1.0,3.6064465,0.0,0.0,,,-50.354004,,,0.021186441,0.0,0.0,0.4,,,,,737.2588,0.005583405,9.849018,0.14347763,0.967161,0.018664047,0.00051,-0.15643919,0.0002,207423.47,-3610.8628,1.0,1.0
185,4.0,0.0022221976,0.13333334,2.634725,0.0,0.0,,,-34.618378,,,0.0,0.0,0.0,0.0,,,,,7570943000000000.0,,5.4836283,0.20375063,0.0,0.0033738192,0.00048,-0.23544376,0.00014,264191.75,-15148.892,1.0,1.0
186,5.0,0.0027777469,0.16666667,3.4567595,0.0,0.0,,,-37.765503,,,0.0,0.0,0.0,0.0,,,,,7637395000000000.0,,5.52573,0.21226485,0.15,0.0054054055,0.0005,-0.2834859,0.00014,286485.44,-11920.167,2.0,2.0
192,4.0,0.0022221976,0.13333334,6.226059,0.0,0.0,,,-125.88501,,,0.0,0.0,0.0,0.0,,,,,9.330624e+16,,5.2236376,0.46592292,0.375,0.0,0.00183,0.0020800456,0.00019,,,1.0,1.0
193,226.0,0.12555416,1.0,4.1660094,0.0,0.0,,,-69.236755,,,0.0088495575,0.0,0.0,0.4,,,,,,,,,,,0.00148,-0.121161014,0.00024,62808.41,-9334.189,0.0,1.0
194,3798.0,2.1099765,1.0,0.94968134,0.04159548,1.0,0.025,0.0009540057,-6.2942505,2.5074668,0.6852703,0.013954713,0.0,0.0,0.6,0.5833333,0.27049297,0.26424238,,183.4292,0.018126618,3.1060834,0.1062113,0.9405,0.18992248,0.00024,0.014182639,0.00019,,,1.0,1.0
195,2400.0,1.3333185,1.0,2.830931,0.0,0.0,0.04,0.0009748278,-31.471252,0.41668987,0.1162796,0.0175,0.0,0.0,1.0,,,,,,,,,,,0.00177,-0.09813582,0.00043,68169.195,-28060.008,1.0,1.0
196,186.0,0.103332184,1.0,5.6014066,0.0,0.0,,,-75.531006,,,0.010752688,0.0,0.0,0.2,,,,,555.642,0.0,18.979027,0.2601947,1.0,0.0,0.00099,-0.0076586925,0.00021,81185.2,-3065.9517,0.0,1.0
197,4798.0,2.665526,1.0,4.97931,0.0,0.0,0.01,9.802547e-05,-94.41376,0.22319193,0.097574145,0.018132554,0.0,0.0,2.0,0.5282855,0.1318969,0.07100744,,346.60327,0.0,16.749472,0.2034647,1.0,0.09615385,0.00165,0.003094437,0.00042,,,1.0,1.0
198,1744.0,0.96887815,1.0,0.07656371,0.0,0.0,0.07,0.0015429339,6.2942505,2.676485,0.990216,0.010321101,0.0,0.0,1.2,,,,,,,,,,,0.0007,0.0135499,0.00142,,,3.0,6.0
199,29.0,0.016110932,0.6333333,8.050938,0.0,0.0,,,-144.76776,,,0.4827586,0.0,0.0,0.2,,,,,2.1479782e+16,,4.592694,0.26257896,0.51724136,0.01140873,0.00028,-0.047871932,0.0002,761950.75,-10497.442,1.0,1.0
201,1235.0,0.68610346,1.0,2.231475,0.0,0.0,0.23,0.00073944003,-25.177002,0.61839235,0.20407307,0.017813765,0.0,0.0,0.8,,,,,588.8631,3.2090682e-06,10.304788,0.13980246,0.9655,0.0018796993,0.00189,-0.033816967,0.00021,39841.38,-9886.315,0.0,1.0
202,584.0,0.32444084,1.0,3.693811,0.0,0.0,,0.0064253993,-69.236755,0.3077348,0.10659516,0.017123288,0.0,0.0,0.6,,,,,446.6787,0.0,13.030712,0.12651034,0.786,0.00021834062,0.0014,0.005203317,0.00075,,,1.0,1.0
208,2267.0,1.2594304,1.0,8.85831,0.0,0.0,0.055,0.002726774,-176.23901,0.24066064,0.1007987,0.018967798,0.0,0.0,1.2,,,,,706.0928,2.3625726e-07,11.351487,0.17177185,0.9905,0.015957447,0.00087,-0.027557954,0.00016,223473.28,-9140.584,1.0,1.0
209,2763.0,1.5349829,1.0,2.9523423,0.0,0.0,0.03,0.0009552704,-50.354004,0.41548744,0.18400833,0.018096272,0.0,0.0,3.0,,,,,233.86995,2.2542079e-07,10.968407,0.09181111,0.652,0.002,0.0014,0.0053197606,0.00081,,,1.0,1.0
212,142.0,0.078888014,0.96666664,0.24277413,0.0,0.0,,,6.2942505,,,0.9084507,0.014084507,0.0,0.4,,,,,50.170086,0.48650202,1.6640085,0.04591108,0.5633803,0.14417614,0.00012,0.0730002,0.00031,,,1.0,0.0
213,1752.0,0.9733225,1.0,6.1091557,0.0,0.0,0.07,0.02010748,-107.00226,0.23036075,0.17111158,0.01826484,0.0,0.0,1.8,,,,,1742.712,0.0,26.69305,0.56940967,1.0,0.0,0.00036,-0.023475265,0.00018,407894.9,-47.823605,1.0,1.0
214,3.0,0.0016666482,0.06666667,6.445125,0.0,0.0,,,-75.531006,,,0.0,0.0,0.0,0.0,,,,,6634279000000000.0,,13.084042,0.6371003,0.33333334,0.003371869,0.00033,-0.15670629,0.00011,999138.94,7477.7925,1.0,1.0
215,19.0,0.010555439,0.1,3.904941,0.0,0.0,,,-50.354004,,,0.0,0.0,0.0,0.0,,,,,6.5238075e+16,,8.784976,0.3779834,0.90789473,0.003976143,0.00201,0.011757154,0.00016,,,1.0,1.0
218,506.0,0.281108,1.0,9.403631,0.0,0.0,,0.0010793961,-138.47351,0.12923776,0.05315882,0.02173913,0.0,0.0,0.8,,,,,,,,,,,0.00204,0.015669972,0.00071,,,1.0,2.0
219,435.0,0.24166398,1.0,2.0241754,0.0,0.0,,,-25.177002,,,0.013793103,0.0,0.0,0.6,,,,,480.57715,5.982985e-08,10.304596,0.15044904,0.9896552,0.021875,0.00034,-0.052433174,0.00022,149166.33,532.3201,0.0,1.0
220,4324.0,2.4021955,1.0,5.5176473,0.3530022,11.0,0.1,0.00057651085,-113.29651,0.3806563,0.19381917,0.0573543,0.0,0.0,2.41,0.9406872,0.1802621,0.11006928,,109.90419,0.060147718,4.201722,0.14254615,0.845,0.03625,0.00166,0.0015006192,0.00032,,,1.0,1.0
221,2863.0,1.5905379,1.0,7.847324,0.0,0.0,0.03,0.0030936697,-125.88501,0.17091632,0.055301756,0.015368494,0.0,0.0,0.8,,,,,322.10007,0.0,14.718625,0.25569654,0.9995,0.00023062731,0.0019,-0.110768504,0.00026,165635.12,-121671.61,0.0,1.0
223,30.0,0.016666481,0.6666667,7.632977,0.0,0.0,,,-132.17926,,,0.16666667,0.0,0.0,0.2,,,,,,,1.6263925,0.03902444,0.075,0.010611908,0.0013,0.0025585948,0.00019,,2460.2158,1.0,1.0
225,36.0,0.019999778,0.6333333,7.4943323,0.0,0.0,,,-125.88501,,,0.027777778,0.0,0.0,0.2,,,,,105.763695,8.551507e-05,3.8334875,0.29507858,0.7916667,0.0034568585,0.00202,-0.012215773,0.00023,36080.707,-18576.941,1.0,1.0
226,3075.0,1.7083143,1.0,7.8106074,0.0,0.0,0.025,0.0009921332,-138.47351,0.1592027,0.057911396,0.6169106,0.0006504065,0.0,1.6,0.2960199,0.045431975,0.054437008,,44.186546,0.45521626,1.9588045,0.0771649,0.589,0.1515997,0.00193,-0.0069061783,0.0002,48939.32,-7211.073,1.0,1.0
228,143.0,0.07944356,0.96666664,8.731465,0.0,0.0,,,-157.35626,,,0.02097902,0.0,0.0,0.4,,,,,126.3822,0.0026565308,4.6106677,0.16741477,0.86538464,0.0044022244,0.00112,-0.036496818,0.00016,128398.61,-2575.3286,1.0,1.0
229,645.0,0.35832936,1.0,6.224407,0.0,0.0,,0.0006426461,-88.11951,0.17079727,0.04982075,0.024806201,0.0,0.0,0.8,,,,,1201.2843,0.0,29.436348,0.30851102,1.0,0.0,0.00216,0.0012643929,0.00029,,,0.0,1.0
230,87.0,0.048332796,0.9,3.1911342,0.0,0.0,,,-44.059753,,,0.0,0.0,0.0,0.2,,,,,1870.9001,0.0,10.840924,0.20895603,0.8074713,0.00060204696,0.00085,-0.076705545,0.00017,94715.23,-2409.8557,1.0,1.0
232,1.0,0.0005555494,0.033333335,3.1476192,0.0,0.0,,,-12.588501,,,0.0,0.0,0.0,0.0,,,,,,,13.917364,1.0,0.0,0.0,0.00204,0.0151014635,0.00286,,,0.0,8.0
238,215.0,0.11944312,1.0,6.12553,0.0,0.0,,,-94.41376,,,0.013953488,0.0,0.0,0.4,,,,,81.6578,0.2401655,1.7935225,0.021767281,0.35581395,0.20911413,0.00055,-0.045626808,0.00018,220345.19,-9845.906,1.0,1.0
240,87.0,0.048332796,0.96666664,5.852223,0.0,0.0,,,-88.11951,,,0.011494253,0.0,0.0,0.2,,,,,146.05806,0.0015414313,1.6721711,0.02321719,0.12643678,0.09580419,0.00055,-0.09037684,0.00018,344656.53,-9311.218,1.0,1.0
241,1.0,0.0005555494,0.033333335,23.742044,0.0,0.0,,,-264.35852,,,0.0,0.0,0.0,0.0,,,,,,,31.719091,1.0,0.0,0.0,0.00148,-0.003955096,0.00018,67449.016,7016.6123,0.0,1.0
244,2736.0,1.519983,1.0,5.639511,0.0,0.0,0.08,0.0015482114,-88.11951,0.24800386,0.095016345,0.013888889,0.0,0.0,1.4,,,,,116.70904,0.17718281,1.7312056,0.022760542,0.707,0.5620861,0.00054,-0.006264473,0.00017,183286.62,-7594.3345,1.0,1.0
245,2229.0,1.2383195,1.0,7.568744,57.241932,474.0,,0.00038760056,-100.70801,0.34287593,0.110203415,0.017496636,0.0,0.0,2.02,,,,,619.27924,0.04949951,5.164219,0.07415853,0.8435,0.036701474,0.00152,0.010394494,0.00051,,,1.0,1.0
247,12.0,0.006666593,0.23333333,7.025935,0.0,0.0,,,-113.29651,,,0.0,0.0,0.0,0.0,,,,,1872805300000000.0,,2.988761,0.23552562,0.375,0.0029536863,0.00152,-0.014947497,0.00052,90587.14,-19673.295,1.0,1.0
248,69.0,0.038332906,0.93333334,8.071534,0.0,0.0,,,-100.70801,,,0.014492754,0.0,0.0,0.2,,,,,1.4048492e+16,,3.0934834,0.013384503,0.28985506,0.023312287,0.00161,0.00802259,0.00051,,,1.0,1.0
249,68.0,0.037777357,0.9,8.388611,0.0,0.0,,,-100.70801,,,0.029411765,0.0,0.0,0.2,,,,,3.1045843e+16,,3.8676145,0.037270848,0.2389706,0.021116504,0.00161,0.008838853,0.00051,,,1.0,1.0
250,5302.0,2.9455228,1.0,2.1660779,0.0,0.0,0.01,0.0012870961,-25.177002,0.75455296,0.27358806,0.015277253,0.0,0.0,0.81,0.32785088,0.10860312,0.096074924,,611.25854,0.0,16.014387,0.14653388,0.9905,0.022371365,0.00144,0.0028364502,0.00078,,,1.0,1.0
251,105.0,0.058332685,0.96666664,8.103056,0.0,0.0,,,-100.70801,,,0.0,0.0,0.0,0.2,,,,,93.52814,0.0749575,1.7902175,0.01182679,0.16428572,0.06769596,0.00032,-0.04959614,0.00015,424265.75,-8827.868,1.0,1.0
252,207.0,0.11499872,1.0,8.974576,0.0,0.0,,,-113.29651,,,0.024154589,0.0,0.0,0.4,,,,,100.71916,0.12797657,2.2236543,0.014944788,0.49758455,0.14594595,0.00033,-0.045098137,0.00015,423680.2,-3609.0789,1.0,1.0
253,135.0,0.07499917,1.0,8.572089,0.0,0.0,,,-113.29651,,,0.02962963,0.0,0.0,0.2,,,,,95.10771,0.0723552,2.2552474,0.015353742,0.3962963,0.1268473,0.00032,-0.06791383,0.00015,485172.22,-6150.019,1.0,1.0
257,3754.0,2.0855324,1.0,5.028102,0.08515253,2.0,0.055,7.254814e-05,-62.942505,0.33668256,0.10121536,0.014118274,0.0,0.0,1.8,0.53846157,0.13223693,0.05899906,,505.22507,4.263838e-06,10.725942,0.17024532,0.994,0.0175,0.00182,-0.006622922,0.00015,38289.633,-3433.227,1.0,1.0
259,5.0,0.0027777469,0.13333334,3.9120412,0.0,0.0,,,-62.942505,,,0.0,0.0,0.0,0.0,,,,,1.3013591e+16,,12.900946,0.44955078,0.65,0.0,0.00151,-2.038785e-05,0.00081,46520.652,-8545.726,0.0,2.0
260,170.0,0.094443396,1.0,3.3565776,20.761477,1.0,,,-56.648254,,,0.005882353,0.0,0.0,0.4,,,,,34.020763,0.6945968,2.074422,0.016339086,0.36911765,0.09635785,0.00154,0.018228682,0.00107,,,1.0,2.0
261,177.0,0.09833224,1.0,3.4143665,0.0,0.0,,,-56.648254,,,0.02259887,0.0,0.0,0.4,,,,,34.02345,0.7314163,2.2132413,0.0117637,0.27966103,0.075337596,0.0015,0.020082526,0.00106,,,1.0,2.0
262,14.0,0.0077776914,0.4,3.3965383,3061.2585,1.0,,,-53.50113,,,0.0,0.0,0.0,0.0,,,,,9017991000000000.0,,1.9754615,0.054835256,0.071428575,0.0070063695,0.00208,0.018710908,0.00106,,,2.0,3.0
263,218.0,0.12110977,1.0,3.6014035,0.0,0.0,,,-62.942505,,,0.0045871558,0.0,0.0,0.4,,,,,40.781494,0.44904518,2.5646234,0.010602273,0.3853211,0.09461933,0.00153,0.019513216,0.00106,,,1.0,2.0
264,80.0,0.04444395,1.0,19.017452,0.0,0.0,,,-289.53552,,,0.0125,0.0,0.0,0.2,,,,,1748.2583,1.8053937e-07,6.5357633,0.27598092,0.934375,0.05,0.00192,-0.004835505,0.00017,74512.484,-15810.1045,1.0,1.0
265,120.0,0.066665925,1.0,6.50401,0.0,0.0,,,-56.648254,,,0.0,0.0,0.0,0.2,,,,,5588.412,3.0354994e-07,6.0894246,0.31808022,0.93333334,0.04375,0.00203,0.0018962601,0.00021,,,0.0,1.0
267,1952.0,1.0844324,1.0,2.7615573,0.0,0.0,0.055,0.0013664593,-50.354004,0.44032335,0.15673041,0.02305328,0.0,0.0,1.2,,,,,392.04666,0.0016352492,7.3480887,0.133019,0.9005,0.0148,0.00102,0.016240317,0.00105,,,1.0,1.0
269,48.0,0.026666371,0.6666667,2.4356577,0.0,0.0,,,-44.059753,,,0.041666668,0.0,0.0,0.2,,,,,3.2499182e+16,,3.8944488,0.07400578,0.5208333,0.0055816686,0.00113,0.005695053,0.00085,,,1.0,1.0
270,1.0,0.0005555494,0.033333335,2.33157,0.0,0.0,,,-18.882751,,,0.0,0.0,0.0,0.0,,,,,,,134.42157,1.0,0.0,0.0,0.00068,-0.2435517,0.00256,290362.62,-25456.727,1.0,8.0
271,1.0,0.0005555494,0.033333335,7.1664543,0.0,0.0,,,-94.41376,,,0.0,0.0,0.0,0.0,,,,,,,12.603154,1.0,0.0,0.0,0.00137,0.02731639,0.00018,,,0.0,4.0
273,7.0,0.0038888457,0.2,2.294183,0.0,0.0,,,-44.059753,,,0.0,0.0,0.0,0.0,,,,,2928560000000000.0,,5.836309,0.08715112,0.035714287,0.003012048,0.0013,0.007994052,0.00094,,,1.0,2.0
274,1208.0,0.67110366,1.0,7.2581673,0.41117075,1.0,0.33,0.0013676755,-132.17926,0.24661751,0.10663578,0.014072848,0.0,0.0,1.2,,,,,423.53833,0.0,11.491088,0.10720257,0.8105,0.0002,0.00139,-0.012389582,0.00017,533133.5,-2037.0042,1.0,1.0
276,7.0,0.0038888457,0.2,2.5694852,0.0,0.0,,,-31.471252,,,0.0,0.0,0.0,0.0,,,,,8257188400000000.0,,4.4376507,0.08336851,0.035714287,0.004733219,0.00075,-0.01794488,0.00087,64422.89,1066.887,1.0,1.0
278,2205.0,1.2249864,1.0,3.0419526,0.0,0.0,0.045,0.002282378,-56.648254,0.3508824,0.112501234,0.06666667,0.0,0.0,0.6,,,,,89.57498,0.3324317,2.627297,0.044873122,0.5705,0.08313229,0.00053,0.043786198,0.00097,,,1.0,0.0
279,201.0,0.11166543,1.0,3.1177242,0.0,0.0,,,-56.648254,,,0.0099502485,0.0,0.0,0.4,,,,,108.41705,0.08879512,2.8559015,0.01169071,0.30597016,0.043521177,0.00056,0.036825668,0.00102,,,1.0,0.0
280,151.0,0.08388796,0.9,3.1409867,0.0,0.0,,,-62.942505,,,0.01986755,0.0,0.0,0.4,,,,,116.836296,0.032494314,2.5846114,0.009806776,0.27152318,0.0510402,0.00058,0.036434475,0.00101,,,1.0,0.0
281,54.0,0.029999666,0.73333335,2.850117,0.0,0.0,,,-50.354004,,,0.0,0.0,0.0,0.2,,,,,3716638100000000.0,,3.1052492,0.037793644,0.25,0.010739856,0.00063,0.033310115,0.00099,,,1.0,0.0
282,24.0,0.013333186,0.5,3.0658631,0.0,0.0,,,-56.648254,,,0.041666668,0.0,0.0,0.2,,,,,5050336000000000.0,,1.9992756,0.03165688,0.020833334,0.0056530545,0.00054,0.038574833,0.00103,,,1.0,0.0
283,30.0,0.016666481,0.6333333,3.1476197,0.0,0.0,,,-56.648254,,,0.033333335,0.0,0.0,0.2,,,,,7501800000000000.0,,2.6312768,0.02421129,0.033333335,0.00870815,0.00058,0.036352314,0.00103,,,1.0,0.0
284,3.0,0.0016666482,0.1,3.7812312,0.0,0.0,,,-75.531006,,,0.0,0.0,0.0,0.0,,,,,1.939882e+16,,5.4638476,0.16210668,0.0,0.0006702413,0.00054,0.041220695,0.00112,,,1.0,0.0
285,223.0,0.12388751,1.0,3.1662245,0.0,0.0,,,-62.942505,,,0.013452915,0.0,0.0,0.4,,,,,106.81113,0.10278546,2.490315,0.010163568,0.33071747,0.06060058,0.00056,0.036651075,0.00103,,,1.0,0.0
286,3148.0,1.7488694,1.0,3.6774023,0.42382315,7.0,0.34,0.0023902906,-50.354004,0.5307605,0.19201848,0.01715375,0.0,0.0,2.4,0.6052632,0.090961955,0.106334075,,191.75555,0.0010219588,3.9837196,0.26414832,0.9845,0.43939394,0.00124,-0.014557672,0.00021,218703.3,-1525.8262,1.0,1.0
287,565.0,0.3138854,1.0,6.80717,0.0,0.0,,0.00093014294,-75.531006,0.25839254,0.08487593,0.0123893805,0.0,0.0,0.6,,,,,650.47437,0.0,10.636316,0.21947533,0.997,0.004730713,0.00097,-0.020558164,0.00024,152198.61,-2183.8142,0.0,1.0
288,1221.0,0.6783258,1.0,1.5631305,0.0,0.0,0.14,0.00067711854,-18.882751,0.8653885,0.2718438,0.018837018,0.0,0.0,0.6,,,,,548.5844,0.0,15.9105425,0.27868176,1.0,0.0026455026,0.00105,0.04500537,0.00176,,,1.0,2.0
289,195.0,0.10833213,1.0,1.340012,0.0,0.0,,,-12.588501,,,0.010256411,0.0,0.0,0.4,,,,,430.5451,0.0,15.503542,0.18683533,0.97820514,0.00015216068,0.00079,-0.15243022,0.00019,49313.11,-4953.109,0.0,1.0
290,53.0,0.029444117,0.8333333,0.39335606,0.0,0.0,,,6.2942505,,,0.03773585,0.0,0.0,0.2,,,,,96251230000000.0,,1.4825604,0.01054715,0.018867925,0.007779859,1e-04,0.09535928,0.0003,,,1.0,7.0
291,320.0,0.1777758,0.96666664,7.7917595,263.6748,45.0,,,-113.29651,,,0.0125,0.0,0.0,0.8,,,,,152.32982,0.0691602,4.0990753,0.13432978,0.80078125,0.0892562,0.00177,0.00391559,0.00019,,,1.0,1.0
292,257.0,0.14277619,0.96666664,8.41406,0.0,0.0,,,-113.29651,,,0.28793773,0.0,0.0,0.6,,,,,1034.1388,0.16615117,3.093444,0.008527551,0.6108949,0.15232036,0.00201,0.0043657636,0.0002,,,1.0,1.0
293,74.0,0.041110653,0.93333334,8.118182,0.0,0.0,,,-107.00226,,,1.0,0.0,0.0,0.2,,,,,2.3177727e+16,,2.2817807,0.010708563,0.40202704,0.06521739,0.00203,0.005147654,0.0002,,,1.0,1.0
294,81.0,0.0449995,0.8666667,10.330282,0.0,0.0,,,-169.94476,,,0.6666667,0.0,0.0,0.2,,,,,574.296,0.35485634,8.316849,0.18540442,0.5092593,0.007162616,0.00167,-0.04168535,0.00019,61408.99,-14815.493,0.0,1.0
295,4.0,0.0022221976,0.13333334,1.5209085,0.0,0.0,,,-18.882751,,,0.5,0.0,0.0,0.0,,,,,1.057839e+16,,2.877032,0.10280745,0.0,3.5755147e-05,0.00118,0.031204335,0.00232,,,0.0,6.0
296,49.0,0.02722192,0.76666665,12.097559,0.0,0.0,,,-182.53326,,,0.020408163,0.0,0.0,0.2,,,,,2424.2817,0.0,7.7148633,0.32126084,0.9897959,0.0,0.00194,-0.020872097,0.0003,121738.28,-34984.074,0.0,1.0
297,99.0,0.05499939,1.0,3.5603569,0.0,0.0,,,-44.059753,,,0.01010101,0.0,0.0,0.2,,,,,2070.0427,0.0,13.895165,0.191037,0.9823232,0.0,0.00203,0.0034883705,0.00023,,,0.0,1.0
298,768.0,0.42666194,1.0,7.8677316,0.0,0.0,,0.006562401,-119.59076,0.15520084,0.039191574,0.015625,0.0,0.0,0.8,,,,,122.98409,0.16236217,3.197695,0.102459446,0.7895,0.167,0.00034,-0.008610725,0.0002,504686.75,-6508.1973,1.0,1.0
299,58.0,0.032221865,0.8,10.774396,0.0,0.0,,,-201.41602,,,0.01724138,0.0,0.0,0.2,,,,,267.6051,6.8546704e-14,9.043559,0.24777488,0.9655172,0.00125,0.00091,-0.020427816,0.00018,396044.38,-5070.436,0.0,1.0
301,25.0,0.013888734,0.5,4.3028994,0.0,0.0,,,-69.236755,,,0.0,0.0,0.0,0.2,,,,,1685879400000000.0,,2.734098,0.084518276,0.14,0.009895547,0.00204,-0.04585003,0.0002,70336.64,-43879.562,1.0,1.0
304,70.0,0.03888846,0.96666664,3.6368089,0.0,0.0,,,-62.942505,,,0.08571429,0.0,0.0,0.2,,,,,44.73429,0.25318402,2.3956244,0.090629056,0.4107143,0.023816235,0.00103,-0.014826428,0.00017,95368.38,-1299.3715,1.0,1.0
306,111.0,0.061665982,0.93333334,5.5599823,0.0,0.0,,,-100.70801,,,0.4774775,0.0,0.0,0.2,,,,,28.513067,1.7774063,1.3039217,0.01974348,0.10585585,0.062463935,0.00128,-0.027175317,0.00017,238582.42,-1833.104,1.0,1.0
308,109.0,0.060554884,0.96666664,4.9256334,0.0,0.0,,,-75.531006,,,0.3027523,0.0,0.0,0.2,,,,,28.118567,1.6847409,1.597756,0.023964567,0.1146789,0.045677233,0.00184,-0.014891578,0.00016,117391.44,-9614.842,1.0,1.0
309,88.0,0.048888344,0.96666664,4.1271243,0.0,0.0,,,-66.08963,,,0.0,0.0,0.0,0.2,,,,,58.15809,0.08918143,2.7656045,0.058769375,0.32102272,0.029470388,0.0005,-0.0406843,0.00018,298754.47,-6537.5923,1.0,1.0
317,2918.0,1.6210932,1.0,6.93039,0.0,0.0,0.025,0.00058076374,-125.88501,0.31574017,0.09135082,0.61823165,0.00068540097,0.0,1.6,,,,,48.693523,0.42535317,1.8740962,0.037781123,0.5835,0.1623884,0.00164,-0.004203248,0.00019,48847.125,-612.1275,1.0,1.0
321,124.0,0.06888812,0.96666664,2.3040886,0.0,0.0,,,-37.765503,,,0.024193548,0.0,0.0,0.4,,,,,128.5147,0.004465403,7.6067386,0.32037562,0.9677419,0.0031976744,0.00173,-0.14686011,0.00025,77328.266,-22138.18,1.0,1.0
324,16.0,0.00888879,0.4,8.737709,0.0,0.0,,,12.588501,,,0.0,0.0,0.0,0.0,,,,,3285390000000000.0,,1.7308141,0.020844711,0.0,0.002794497,0.00037,-0.053739417,0.00017,657994.4,-10468.392,0.0,1.0
325,254.0,0.14110954,1.0,8.745352,0.0,0.0,,,-107.00226,,,0.007874016,0.0,0.0,0.4,,,,,,,,,,,0.00168,-0.03330361,0.00019,44376.008,-6865.289,0.0,1.0
326,2871.0,1.5949823,1.0,4.367615,0.21837904,3.0,0.21,0.0007391882,-69.236755,0.37926647,0.13161466,0.015673982,0.0,0.0,1.6,,,,,,,,,,,0.00181,0.004496351,0.00069,,,1.0,2.0
327,1935.0,1.074988,1.0,10.232243,0.0,0.0,0.06,0.0013171238,-144.76776,0.18276504,0.054958016,0.01498708,0.0,0.0,1.2,,,,,,,,,,,0.00201,0.0016922777,0.00021,,,0.0,1.0
328,596.0,0.33110744,1.0,12.169741,0.0,0.0,,0.005338511,-151.06201,0.11906943,0.03762687,0.011744967,0.0,0.0,0.6,,,,,176.15714,0.13127604,3.2652984,0.11470175,0.771,0.10406977,0.00188,-0.028453136,0.00017,38718.53,-40600.996,0.0,1.0
329,178.0,0.09888779,1.0,6.368303,0.0,0.0,,,-94.41376,,,0.02247191,0.0,0.0,0.4,,,,,255.73227,0.0,11.689972,0.31098655,0.997191,0.0,0.00073,-0.035944555,0.00019,172398.6,-10495.931,0.0,1.0
330,6162.0,3.4232953,1.0,5.814496,0.0,0.0,0.01,0.00039818365,-88.11951,0.19734977,0.06325449,0.013956508,0.0,0.0,3.6,0.30701753,0.13279915,0.14075547,,367.69675,1.0864164e-07,14.908898,0.14686999,0.6145,0.0003270111,0.00149,-0.18256207,0.00034,221722.05,-17799.676,0.0,1.0
331,34.0,0.018888678,0.56666666,1.9690995,0.0,0.0,,,-31.471252,,,0.0,0.0,0.0,0.2,,,,,1.4872133e+17,,16.67967,0.24725784,0.875,0.0,0.00108,0.009494553,0.00064,,,1.0,1.0
332,2259.0,1.254986,1.0,6.102728,0.0,0.0,0.075,0.0021090643,-113.29651,0.31481668,0.116871595,0.015493581,0.0,0.0,1.0,,,,,282.27002,0.21733285,1.2956572,0.02612093,0.6335,0.43768996,0.00206,0.0011522113,0.00016,,,1.0,1.0
333,2.0,0.0011110988,0.06666667,2.146104,0.0,0.0,,,-37.765503,,,0.0,0.0,0.0,0.0,,,,,,,6.475107,0.24500614,0.0,7.1510294e-05,7e-05,0.13908255,0.00294,,,1.0,6.0
334,131.0,0.072776966,0.96666664,7.078617,0.0,0.0,,,-125.88501,,,0.015267176,0.0,0.0,0.2,,,,,60.623985,0.28118533,1.3390235,0.027534554,0.29007635,0.18732092,0.00033,0.00015200833,0.00016,,-1391.2507,1.0,1.0
336,54.0,0.029999666,0.76666665,7.0070457,0.0,0.0,,,-125.88501,,,0.018518519,0.0,0.0,0.2,,,,,168.54784,0.002131571,2.0839827,0.03794908,0.1574074,0.06645162,0.00208,0.002864806,0.00016,,,1.0,1.0
338,15.0,0.008333241,0.4,6.5283957,0.0,0.0,,,-113.29651,,,0.0,0.0,0.0,0.0,,,,,1.2068984e+16,,2.805742,0.07962992,0.11666667,0.021805897,0.00161,-0.05843603,0.00017,424276.3,-7367.7646,1.0,1.0
339,95.0,0.05277719,0.96666664,7.4715414,0.0,0.0,,,-132.17926,,,0.021052632,0.0,0.0,0.2,,,,,61.356575,0.24564922,1.6825242,0.026488591,0.1631579,0.10183924,0.00207,0.0034037298,0.00015,,,1.0,1.0
340,85.0,0.047221698,0.8666667,0.24894665,0.0,0.0,,,-9.094947e-08,,,0.0,0.0,0.0,0.2,,,,,82.90371,0.07627716,1.1899433,0.010862494,0.011764706,0.0019534077,0.0009,-0.6779795,0.00056,55336.832,-5247.295,4.0,7.0
341,40.0,0.022221975,0.73333335,19.35996,1125.0125,3.0,,,-327.30103,,,0.0,0.0,0.0,0.2,,,,,3367038800000000.0,0.0,22.5515,0.33008045,1.0,0.0,0.00169,-0.012242482,0.00015,81691.13,-24595.45,1.0,1.0
342,115.0,0.06388818,0.8,1.8166859,0.0,0.0,,,-50.354004,,,0.026086956,0.0,0.0,0.4,,,,,781.721,0.0,7.28674,0.049521618,0.75652176,0.00084080716,0.0017,-0.42508245,0.00031,62732.9,-30518.713,1.0,1.0
343,162.0,0.089999,1.0,132.76512,0.0,0.0,,,-2731.7048,,,0.030864198,0.0,0.0,0.4,,,,,107.0704,0.036054164,4.406293,0.29443765,0.6697531,0.008123537,0.00197,2.2440534e-05,0.00019,,,0.0,1.0
344,189.0,0.104998834,1.0,3.7631638,0.0,0.0,,,-44.059753,,,0.01058201,0.0,0.0,0.4,,,,,312.54468,0.0,15.9105425,0.23346281,0.9973545,0.0,0.00074,-0.19989535,0.0002,119812.27,-18228.545,0.0,1.0
345,65.0,0.03611071,0.8333333,6.7308764,0.0,0.0,,,-107.00226,,,0.03076923,0.0,0.0,0.2,,,,,209.61824,3.2912423e-05,8.1540575,0.27255237,0.9346154,0.0016863407,0.00196,-0.028580593,0.00017,411420.2,-34764.21,1.0,1.0
346,583.0,0.3238853,1.0,19.881823,0.0,0.0,,0.0027739108,-232.88727,0.1975899,0.050978407,0.0154373925,0.0,0.0,0.6,,,,,347.75162,1.5076829e-16,14.544794,0.18872817,0.9955,0.0021834061,0.00057,-0.010231258,0.00021,422993.56,-17689.186,0.0,1.0
347,928.0,0.51554984,1.0,7.4378977,0.0,0.0,0.245,0.0025318365,-113.29651,0.15600684,0.03480473,0.015086207,0.0,0.0,1.0,,,,,1658.5106,0.0002272125,18.544819,0.31168374,0.999,0.0034626038,0.0015,0.013453901,0.00094,,,1.0,2.0
348,36.0,0.019999778,0.6,0.4759913,0.0,0.0,,,-9.094947e-08,,,0.027777778,0.0,0.0,0.2,,,,,,,,,,,0.00159,0.04318777,0.00294,,,0.0,7.0
349,1793.0,0.99610007,1.0,4.8360925,0.0,0.0,0.065,0.004443178,-94.41376,0.4151594,0.24616748,0.016174011,0.0,0.0,0.8,,,,,292.76575,5.4415708e-11,12.876818,0.20353177,0.9965,0.00078125,0.00095,0.004587888,0.00055,,,1.0,2.0
350,96.0,0.053332742,1.0,9.576563,0.0,0.0,,,-144.76776,,,0.26041666,0.0,0.0,0.2,,,,,368.63632,0.028120529,3.0183287,0.15939957,0.578125,0.001783591,0.0009,-0.002591536,0.0002,187614.14,-6358.893,0.0,1.0
354,2774.0,1.541094,1.0,6.1529875,0.0,0.0,0.03,0.0001344609,-88.11951,0.21960242,0.08119497,0.5785869,0.00036049026,0.0,1.0,,,,,106.03754,0.2687539,3.3449671,0.13268882,0.608,0.044691224,0.00052,-0.05671437,0.00018,357911.88,-5435.1963,1.0,1.0
355,3456.0,1.9199786,1.0,0.13326289,0.15070577,3.0,0.09,0.00062899163,6.2942505,2.9130282,0.87321854,0.014756944,0.0,0.0,1.8,0.8219534,0.20423847,0.12409708,,48.178627,2.3577433,1.2883574,0.0018863463,0.1135,0.061864797,0.0011,0.039809745,0.00291,,,0.0,7.0
358,419.0,0.2327752,1.0,4.6178427,0.0,0.0,,,-75.531006,,,0.014319809,0.0,0.0,0.6,,,,,95.350494,0.33941764,0.92756134,0.009480749,0.51073986,0.484375,0.00084,-0.02134055,0.00018,85807.29,-3568.59,1.0,1.0
360,114.0,0.06333263,0.96666664,4.5829496,0.0,0.0,,,-75.531006,,,0.02631579,0.0,0.0,0.2,,,,,58.293385,0.32448772,0.9321916,0.0097107375,0.15789473,0.13388969,0.00083,-0.047912978,0.00018,91529.234,-1052.7429,1.0,1.0
361,270.0,0.14999834,1.0,4.832832,0.0,0.0,,,-75.531006,,,0.011111111,0.0,0.0,0.4,,,,,56.891315,0.45698568,0.9607064,0.01313072,0.41296297,0.34005627,0.00093,-0.035085075,0.00018,78010.805,-4157.0454,1.0,1.0
362,414.0,0.22999744,1.0,5.4275765,0.0,0.0,,,-69.236755,,,0.14492753,0.0,0.0,0.6,,,,,303.07562,0.06697515,6.348266,0.15626971,0.90458935,0.008354484,0.00188,-0.07750817,0.00021,35025.816,-57266.594,0.0,1.0
363,92.0,0.051110543,0.96666664,4.046146,0.0,0.0,,,-62.942505,,,0.0,0.0,0.0,0.2,,,,,322.70587,2.7325798e-06,3.0855885,0.05100567,0.2201087,0.014573171,0.00084,-0.0037442653,0.00023,73617.44,-2120.8525,1.0,1.0
364,325.0,0.18055356,1.0,9.103879,0.0,0.0,,,-125.88501,,,0.009230769,0.0,0.0,0.6,,,,,440.38803,0.0,19.717089,0.15023686,0.92846155,0.0,0.00077,-0.0013704767,0.00022,137303.67,-9028.38,0.0,1.0
365,1876.0,1.0422107,1.0,1.2908062,0.0,0.0,0.06,0.0004380116,-12.588501,1.2226942,0.52459794,0.034648187,0.0,0.0,0.8,,,,,2484.575,0.10107375,3.110292,0.03139197,0.8405,0.118589744,0.00098,0.053739447,0.001,,,2.0,2.0
366,152.0,0.08444351,1.0,1.1369419,0.0,0.0,,,-12.588501,,,0.125,0.0,0.0,0.4,,,,,53.54224,0.54028815,1.5351405,0.0057423743,0.39144737,0.06981383,0.00109,0.013234717,0.00025,,,2.0,4.0
367,72.0,0.039999556,0.8666667,1.7531384,0.0,0.0,,,-18.882751,,,0.11111111,0.0,0.0,0.2,,,,,1.7431026e+16,,2.914955,0.014499569,0.12847222,0.025208987,0.00103,-0.12941824,0.00016,73747.125,-2442.9229,1.0,1.0
368,74.0,0.041110653,1.0,1.8750293,0.0,0.0,,,-22.029877,,,0.0,0.0,0.0,0.2,,,,,1.8492832e+16,,3.4969046,0.023798697,0.1891892,0.027588911,0.00178,-0.09321649,0.00015,85440.41,-5684.0835,0.0,1.0
369,138.0,0.07666581,1.0,0.9308669,0.0,0.0,,,6.2942505,,,0.072463766,0.0,0.0,0.2,,,,,55.92163,1.5555342,1.2603257,0.0034242345,0.050724637,0.018487455,1e-04,0.100005105,0.00014,,,0.0,1.0
370,100.0,0.055554938,0.93333334,2.5100658,0.0,0.0,,,-25.177002,,,0.01,0.0,0.0,0.2,,,,,477.39966,9.525713e-16,3.4720469,0.014977653,0.235,0.03897137,0.00188,0.012428843,0.00016,,,0.0,1.0
371,179.0,0.09944334,1.0,1.9432633,0.0,0.0,,,-18.882751,,,0.016759777,0.0,0.0,0.4,,,,,194.02075,0.0014265573,3.9640348,0.04504745,0.45530728,0.030298838,0.00051,-0.10893159,0.00015,89959.445,-1657.651,1.0,1.0
372,62.0,0.03444406,0.93333334,2.2379394,0.0,0.0,,,-25.177002,,,0.016129032,0.0,0.0,0.2,,,,,2.1261344e+16,,3.2240217,0.016916009,0.18951613,0.03768191,0.00056,-0.020398859,0.00016,48925.88,32.556175,1.0,1.0
373,1014.0,0.5633271,1.0,0.76638895,0.0,0.0,0.205,0.0048988997,-6.2942505,3.271406,1.0836041,0.016765285,0.0,0.0,0.8,,,,,,,,,,,0.00032,-0.08403631,0.00018,50547.996,1514.6692,1.0,2.0
374,616.0,0.34221843,1.0,0.06540508,0.0,0.0,,0.016681038,6.2942505,2.6308842,0.85579896,0.20454545,0.0,0.0,0.6,,,,,52.925816,0.58059,2.4851828,0.021718618,0.405,0.072175734,0.00038,-7.3421917,0.00252,10304.581,-63198.484,1.0,0.0
375,270.0,0.14999834,1.0,0.078146026,0.0,0.0,,,6.2942505,,,0.022222223,0.0,0.0,0.4,,,,,58.47072,0.4053808,1.8895686,0.009071509,0.25648147,0.06284404,0.00226,-7.2339983,0.00183,6652.5547,-121331.14,1.0,0.0
376,164.0,0.091110095,1.0,2.2820451,111.54199,5.0,,,-31.471252,,,0.5914634,0.0,0.0,0.4,,,,,47.31697,0.9887709,2.0062475,0.043778054,0.21189025,0.038638104,7e-05,0.1444485,1e-04,,,1.0,0.0
377,80.0,0.04444395,0.93333334,11.129082,0.0,0.0,,,-195.12177,,,0.2625,0.0,0.0,0.2,,,,,84.529144,0.12814273,3.8798013,0.09243069,0.375,0.0082397,8e-05,0.12754886,0.00011,,,1.0,0.0
378,81.0,0.0449995,1.0,0.95298284,0.0,0.0,,,37.765503,,,0.16049382,0.0,0.0,0.2,,,,,58.945415,0.34164903,1.7070765,0.00020733067,0.09876543,0.019667832,8e-05,0.11697072,0.00012,,,1.0,0.0
379,14.0,0.0077776914,0.33333334,9.742631,0.0,0.0,,,-100.70801,,,0.0,0.0,0.0,0.0,,,,,2351438000000000.0,,2.8935387,0.14349616,0.10714286,0.002272169,0.00014,0.048269358,0.00018,,,1.0,1.0
380,125.0,0.06944367,0.96666664,5.794189,0.0,0.0,,,-107.00226,,,0.024,0.0,0.0,0.2,,,,,766.1207,0.0,14.61569,0.18119574,0.984,0.0004992511,0.00184,-0.008768345,0.00019,36011.56,-3371.2214,1.0,1.0
383,7.0,0.0038888457,0.23333333,6.4879484,0.0,0.0,,,-81.82526,,,0.14285715,0.0,0.0,0.0,,,,,2.1737036e+16,,3.8626084,0.103811756,0.0,0.04661017,0.00184,0.0003224828,0.00015,,,1.0,1.0
384,36.0,0.019999778,0.8,7.0821424,0.0,0.0,,,-88.11951,,,0.0,0.0,0.0,0.2,,,,,5.2114188e+17,,2.127933,0.03746505,0.24305555,0.18539326,0.00183,0.0054945657,0.00016,,,1.0,1.0
387,82.0,0.045555048,0.96666664,7.3261647,0.0,0.0,,,-100.70801,,,0.0121951215,0.0,0.0,0.2,,,,,277.3501,0.009309632,2.1309388,0.050675873,0.7835366,0.6976744,0.00185,0.005344846,0.00014,,,1.0,2.0
388,1.0,0.0005555494,0.033333335,8.554506,0.0,0.0,,,-169.94476,,,0.0,0.0,0.0,0.0,,,,,,,,,,,0.00075,-0.18195719,0.00032,374438.66,-76280.4,1.0,2.0
391,140.0,0.07777692,0.76666665,5.3911,0.0,0.0,,,-94.41376,,,0.007142857,0.0,0.0,0.4,,,,,175.68947,2.7532586e-11,10.991674,0.1982269,0.9875,0.0,0.0011,0.0042565977,0.00068,,-4672.395,1.0,2.0
393,46.0,0.025555272,0.73333335,6.3983226,0.0,0.0,,,-103.85513,,,0.2173913,0.0,0.0,0.2,,,,,6034417000000000.0,,3.4744706,0.07059383,0.08695652,0.006426609,0.00054,-0.0753154,0.0002,363423.9,-6865.125,1.0,1.0
394,3786.0,2.1033099,1.0,4.5102496,0.08371916,2.0,0.125,0.004246342,-56.648254,0.37727112,0.12383583,0.015583729,0.0,0.0,1.8,0.557971,0.13737951,0.09225001,,209.2032,0.03764465,4.37992,0.013553744,0.84,0.062375,0.00062,-0.044552326,0.00023,196217.11,-3117.815,1.0,1.0
395,257.0,0.14277619,1.0,8.395226,0.0,0.0,,,-125.88501,,,0.023346303,0.0,0.0,0.4,,,,,340.3129,0.0,15.468278,0.2020025,0.9922179,0.00017755682,0.00112,-0.077594295,0.00017,120742.33,-9856.813,1.0,1.0
396,274.0,0.15222053,1.0,9.402951,0.0,0.0,,,-201.41602,,,0.02189781,0.0,0.0,0.4,,,,,1825.9058,0.0,24.370426,0.2526274,1.0,0.0,0.00203,0.003025,0.00028,,,1.0,1.0
397,472.0,0.2622193,1.0,0.30139,0.0,0.0,,,6.2942505,,,0.008474576,0.0,0.0,0.6,,,,,48.57735,2.3618245,1.2569973,0.0020151422,0.11705509,0.0658157,0.00051,-0.029171856,0.00041,10495.611,-14.895242,1.0,3.0
398,1117.0,0.62054867,1.0,7.395503,0.0,0.0,0.17,0.0036790427,-113.29651,0.16367963,0.04600942,0.011638317,0.0,0.0,1.01,,,,,1300.9548,0.0,21.93684,0.26726663,0.999,0.0008665511,0.00167,0.0046540247,0.00061,,,1.0,1.0
399,1205.0,0.669437,1.0,6.759555,0.0,0.0,0.28,0.01473382,-107.00226,0.21658313,0.0730492,0.014937759,0.0,0.0,1.2,,,,,541.5264,0.022763887,5.6292257,0.25731632,0.9425,0.028596187,0.00203,0.0046968134,0.00056,,,1.0,1.0
400,77.0,0.042777304,0.9,5.8964667,0.0,0.0,,,-88.11951,,,0.025974026,0.0,0.0,0.2,,,,,404.88852,0.012428253,5.43531,0.34636572,0.7922078,0.02825,0.00208,0.002654496,0.00019,,,1.0,1.0
401,557.0,0.309441,1.0,0.43085575,0.0,0.0,,0.007621197,-9.094947e-08,79.711,22.787819,0.26929983,0.0,0.0,0.6,,,,,688.64856,0.17960975,3.9794662,0.069490954,0.7825,0.018232206,0.00188,-0.21085201,0.00028,9807.201,-10249.189,1.0,1.0
402,1489.0,0.82721305,1.0,1.9529085,0.0,0.0,0.2,0.0013276848,-18.882751,1.0668095,0.5281443,0.014775016,0.0,0.0,1.0,,,,,263.17337,8.729654e-06,6.8551574,0.1750858,0.9765,0.004310345,0.00191,-0.11144152,0.0002,173743.52,-24249.623,0.0,1.0
403,1045.0,0.5805491,1.0,5.261029,0.0,0.0,0.19,0.00035032816,-75.531006,0.1986365,0.05498074,0.014354067,0.0,0.0,1.4,,,,,427.37546,9.685562e-10,12.116834,0.2298388,0.996,0.005782918,0.00075,-0.38719973,0.00032,356764.75,-32805.453,2.0,1.0
404,13.0,0.007222142,0.26666668,10.0465975,0.0,0.0,,,25.177002,,,0.0,0.0,0.0,0.0,,,,,1837520600000000.0,,2.3790872,0.04609605,0.0,0.0023993696,0.00268,-0.036602367,0.00014,172328.27,-16836.666,0.0,0.0
405,30.0,0.016666481,0.6333333,5.8027534,0.0,0.0,,,-103.85513,,,0.0,0.0,0.0,0.2,,,,,1.5343742e+16,,2.711622,0.048857674,0.075,0.023051592,0.00139,-0.1222206,0.0002,137519.11,-7349.9565,1.0,1.0
406,542.0,0.30110776,1.0,4.82614,0.0,0.0,,0.0025626933,-88.11951,0.30959874,0.13041134,0.016605167,0.0,0.0,0.8,,,,,294.61255,0.015562206,4.7204676,0.04772289,0.9185,0.09070295,0.0013,-0.18132219,0.00018,169932.25,-14297.115,1.0,1.0
408,371.0,0.20610882,0.8666667,2.4123008,0.0,0.0,,,-25.177002,,,0.016172506,0.0,0.0,0.8,,,,,526.54376,0.0,18.108946,0.23940694,1.0,0.000499002,0.00166,-0.04140973,0.0002,92014.805,-11563.562,1.0,1.0
411,1430.0,0.7944356,1.0,2.7821908,0.0,0.0,0.105,0.0014718816,-44.059753,0.53286505,0.16157901,0.016783217,0.0,0.0,1.2,,,,,345.5862,0.00016930004,8.835254,0.20600288,0.9905,0.0017793594,0.00127,-0.08036199,0.00076,64980.0,-2373.139,0.0,1.0
412,241.0,0.1338874,1.0,0.16636795,0.0,0.0,,,-9.094947e-08,,,0.10373444,0.004149378,0.0,0.4,,,,,385.77307,0.13072383,1.7055315,0.053656828,0.7458506,0.34288538,0.00012,0.0710502,0.00018,,,1.0,0.0
413,1184.0,0.65777045,1.0,0.08710554,0.0,0.0,0.15,0.0006107106,6.2942505,2.6244938,0.84585524,0.25929055,0.0016891892,0.0,0.4,,,,,600.41113,4.4408923e-19,7.560147,0.11245121,0.959,0.09946237,0.00034,0.073858835,0.00284,,,0.0,7.0
414,430.0,0.23888624,1.0,0.19898568,0.0,0.0,,,6.2942505,,,0.4627907,0.0023255814,0.0,0.6,,,,,1760.4479,0.0,12.372731,0.15674731,0.9244186,0.0,0.00067,0.026234366,0.00268,,,0.0,6.0
415,62.0,0.03444406,0.8333333,0.4021884,0.0,0.0,,,-9.094947e-08,,,0.016129032,0.0,0.0,0.2,,,,,481.7703,0.0,6.7490673,0.26633084,0.92741936,0.00225,0.00068,0.03604138,0.00238,,,0.0,8.0
416,60.0,0.033332963,0.93333334,0.35679537,166.66852,1.0,,,-3.1471252,,,0.0,0.0,0.0,0.2,,,,,566.89453,0.0,6.467326,0.18517527,0.7875,0.00396376,0.00013,0.07055469,0.00296,,,0.0,4.0
417,1439.0,0.79943556,1.0,3.2125876,0.0,0.0,0.105,0.00042674888,-44.059753,0.40171582,0.11173853,0.013203613,0.0,0.0,0.8,,,,,187.09131,0.0035476228,5.491179,0.09598944,0.8685,0.05117371,0.00183,0.0053744847,0.0002,,,1.0,1.0
418,30.0,0.016666481,0.56666666,3.4907813,0.0,0.0,,,-56.648254,,,0.8333333,0.0,0.0,0.2,,,,,5.2794116e+16,,4.8767858,0.112645224,0.4,0.019081501,0.00039,0.05414184,0.00107,,,1.0,1.0
419,3305.0,1.8360907,1.0,5.5877795,0.0,0.0,0.02,0.00020056573,-62.942505,0.28400525,0.09862302,0.017246597,0.0,0.0,2.2,0.5147059,0.09611405,0.09327489,,306.48172,5.9952046e-17,10.31811,0.25564674,0.9995,0.0011531365,0.00165,-0.018235615,0.00025,39644.426,-1603.7775,0.0,1.0
420,791.0,0.43943956,1.0,1.6557262,0.0,0.0,0.335,0.00047883866,-31.471252,0.6983686,0.29676867,0.011378002,0.0,0.0,1.01,,,,,224.62178,0.27483147,3.0679688,0.0103956675,0.527,0.11108686,0.00089,-0.009633297,0.00087,50643.605,-5673.3384,1.0,0.0
421,1248.0,0.69332564,1.0,29.059364,0.0,0.0,0.135,0.0015021957,-459.4803,0.06281461,0.019081857,0.012820513,0.0,0.0,0.6,,,,,1468.6428,0.018415442,6.714446,0.17749414,0.9285,0.034320325,0.00203,0.00028765204,0.00033,,,0.0,1.0
422,345.0,0.19166453,1.0,30.39514,0.0,0.0,,,-478.36304,,,0.011594203,0.0,0.0,0.6,,,,,820.14294,1.4742955e-11,11.179477,0.24312514,0.97971016,0.0056368066,0.00089,-0.0007532671,0.00031,522053.25,-6478.582,0.0,1.0
423,154.0,0.08555461,1.0,28.244589,0.0,0.0,,,-428.00903,,,0.0,0.0,0.0,0.4,,,,,339.54877,0.0014095445,5.2855606,0.19044839,0.6785714,0.017740175,0.00213,0.00018235605,0.00033,,,0.0,1.0
424,836.0,0.46443927,1.0,7.5824995,0.0,0.0,0.3,0.0031388812,-69.236755,0.34587598,0.08471286,0.021531101,0.0,0.0,1.2,,,,,349.04523,0.00080744876,8.276003,0.15108386,0.989,0.04141414,0.00191,-0.031132065,0.00023,52336.625,-22528.777,0.0,1.0
425,230.0,0.12777635,1.0,1.0538903,0.0,0.0,,,-12.588501,,,0.65217394,0.0,0.0,0.4,,,,,1876.0042,0.28295165,5.446332,0.08263804,0.601087,0.017507391,0.00087,-0.057631493,0.00021,68032.1,-3387.7903,0.0,1.0
426,450.0,0.24999723,1.0,4.759132,0.0,0.0,,,-69.236755,,,0.02,0.0,0.0,0.6,,,,,378.12454,0.0,10.950577,0.27326283,0.995,0.0,0.0017,-0.15795682,0.00025,38916.055,-24957.443,0.0,1.0
427,139.0,0.077221364,0.96666664,0.21951537,0.0,0.0,,,-9.094947e-08,,,0.043165468,0.0,0.0,0.4,,,,,662.6596,0.0,8.170984,0.045155652,0.32374102,0.029034691,0.00135,-0.24084851,0.0019,206.26521,-2128.9834,1.0,7.0
428,107.0,0.059443783,0.93333334,5.784071,0.0,0.0,,,-100.70801,,,0.018691588,0.0,0.0,0.2,,,,,672.3239,0.0004029195,5.717787,0.19844835,0.75,0.0004965243,0.00038,-0.07184602,0.0002,343665.25,-6903.5435,1.0,1.0
429,721.0,0.4005511,1.0,3.7526207,0.0,0.0,,0.026461529,-56.648254,0.43348795,0.2302131,0.009708738,0.0,0.0,0.8,,,,,315.54175,3.364531e-13,7.668758,0.18699454,0.96,0.001233672,0.00051,-0.068244435,0.00018,247696.44,-5262.2803,1.0,1.0
430,119.0,0.06611038,0.9,6.8157477,0.0,0.0,,,-69.236755,,,0.025210084,0.0,0.0,0.2,,,,,236.66977,6.6154926e-06,2.1834211,0.010043064,0.12184874,0.039074168,0.00091,-0.017651848,0.00015,66409.516,-1521.2155,1.0,1.0
431,3.0,0.0016666482,0.06666667,3.1850905,0.0,0.0,,,-18.882751,,,0.0,0.0,0.0,0.0,,,,,1873839300000000.0,,7.686395,0.14898153,0.0,0.00011764706,0.00055,-1.129778,0.0008,122390.21,-21528.871,3.0,3.0
432,87.0,0.048332796,0.96666664,6.9774804,0.0,0.0,,,-75.531006,,,0.011494253,0.0,0.0,0.2,,,,,1447.1423,0.0,2.1783834,0.021043405,0.13793103,0.0311122,0.00115,-0.002461347,0.00016,38961.746,-1020.12085,1.0,1.0
433,203.0,0.112776525,1.0,6.6009145,0.0,0.0,,,-69.236755,,,0.009852217,0.0,0.0,0.4,,,,,130.77599,0.05833812,2.0631022,0.009746399,0.22290641,0.0735065,0.00088,7.727611e-05,0.00016,,-2180.9792,1.0,1.0
434,104.0,0.057777137,0.96666664,6.7773266,0.0,0.0,,,-69.236755,,,0.028846154,0.0,0.0,0.2,,,,,327.01434,1.3778743e-12,2.3818498,0.021064954,0.11298077,0.028779645,0.00079,-0.041784022,0.00016,132972.84,-1533.9379,1.0,1.0
435,214.0,0.118887566,1.0,7.144127,0.0,0.0,,,-75.531006,,,0.023364486,0.0,0.0,0.4,,,,,131.38011,0.065925874,2.2139335,0.0139138345,0.22196262,0.062434692,0.00206,0.0012470382,0.00015,,,1.0,1.0
436,143.0,0.07944356,0.96666664,6.988596,0.0,0.0,,,-75.531006,,,0.006993007,0.0,0.0,0.4,,,,,180.8389,0.00076339033,2.4221187,0.015821254,0.22202797,0.05579345,0.00206,0.002774869,0.00016,,,1.0,1.0
437,950.0,0.5277719,1.0,3.8426678,0.0,0.0,0.23,0.008324456,-69.236755,0.3567552,0.09513995,0.014736842,0.0,0.0,0.61,,,,,2135.3555,0.057179563,4.4286733,0.23854634,0.9095,0.0434375,0.00085,-0.32566783,0.00055,174420.8,-26686.846,1.0,0.0
438,165.0,0.09166565,1.0,3.2916665,0.0,0.0,,,-62.942505,,,0.018181818,0.0,0.0,0.4,,,,,76.67633,0.19726802,2.72507,0.044098124,0.4181818,0.081718065,0.00081,-0.35866943,0.0005,165644.38,-12668.734,1.0,0.0
439,171.0,0.09499894,1.0,2.8718867,20.519361,1.0,,,-56.648254,,,0.0058479533,0.0,0.0,0.4,,,,,75.30451,0.13401996,3.4924252,0.33792162,0.7836257,0.04030115,0.00082,-0.45316762,0.00051,174045.5,-32365.838,1.0,0.0
440,282.0,0.15666492,1.0,3.6526337,0.0,0.0,,,-69.236755,,,0.010638298,0.0,0.0,0.4,,,,,129.91699,0.026523586,3.9373465,0.401395,0.8794326,0.029715128,0.00089,-0.3308595,0.00057,176976.34,-45664.992,1.0,0.0
441,87.0,0.048332796,0.9,4.024051,0.0,0.0,,,-75.531006,,,0.03448276,0.0,0.0,0.2,,,,,87.44567,0.029756363,2.6585612,-0.014444794,0.31321838,0.061624072,0.00093,-0.22524622,0.00057,178250.7,-16780.242,1.0,0.0
442,95.0,0.05277719,0.93333334,3.9793203,0.0,0.0,,,-81.82526,,,0.021052632,0.0,0.0,0.2,,,,,74.75365,0.124965265,2.6137817,-0.0071372967,0.23421052,0.05539419,0.00093,-0.26608863,0.00057,171135.28,-17113.164,1.0,0.0
443,1787.0,0.99276674,1.0,10.220345,0.0,0.0,0.065,0.0006685775,-163.65051,0.0939218,0.03218413,0.015668718,0.0,0.0,0.61,,,,,487.48648,0.0,17.259363,0.1990246,0.996,0.0010729614,0.00189,-0.023196466,0.00034,70560.18,-31242.457,0.0,1.0
444,539.0,0.29944113,1.0,6.003155,0.0,0.0,,0.001576321,-88.11951,0.23514524,0.17965588,0.009276438,0.0,0.0,0.61,,,,,614.3112,2.1357764e-06,10.66753,0.15243673,0.966,0.0066523603,0.00093,-0.27043727,0.00026,116757.34,-23448.04,1.0,2.0
445,15.0,0.008333241,0.33333334,9.727852,0.0,0.0,,,-151.06201,,,0.0,0.0,0.0,0.0,,,,,9367742000000000.0,,5.219279,0.13801917,0.2,0.0022727272,0.00199,-0.0025544777,0.0002,31101.057,-5104.9043,0.0,1.0
446,103.0,0.057221588,0.9,13.328896,0.0,0.0,,,-214.00452,,,0.66019416,0.0,0.0,0.4,,,,,270.77966,0.15599667,5.5488863,0.2046598,0.74029124,0.013636364,0.00188,-0.0050186496,0.00021,57116.55,-10645.404,0.0,1.0
447,37.0,0.020555327,0.8,2.580907,0.0,0.0,,,-37.765503,,,0.027027028,0.0,0.0,0.2,,,,,1524674300000000.0,,2.2204168,0.03393967,0.06081081,0.016092602,0.00207,0.0047543426,0.00041,,,1.0,1.0
448,416.0,0.23110855,1.0,7.1182547,0.0,0.0,,,-119.59076,,,0.014423077,0.0,0.0,0.6,,,,,497.84818,0.0,19.253233,0.17795268,0.9753606,0.009160756,0.00132,-0.25637847,0.0004,158182.8,-62601.6,1.0,1.0
450,416.0,0.23110855,1.0,7.3329763,0.0,0.0,,,-119.59076,,,0.024038462,0.0,0.0,0.6,,,,,481.4233,0.0,19.624588,0.17904441,0.97475964,0.01034279,0.00134,-0.24222347,0.0004,159098.58,-29693.121,1.0,1.0
451,1313.0,0.72943634,1.0,10.624914,0.0,0.0,0.125,0.006488453,-151.06201,0.21785218,0.057854727,0.022086823,0.0,0.0,1.4,,,,,522.13525,0.0,16.622303,0.18859714,0.9965,0.0,0.00059,-0.0019299823,0.00023,299325.3,-7572.3833,0.0,1.0
452,571.0,0.3172187,1.0,8.428602,0.0,0.0,,0.009025637,-119.59076,0.26875323,0.047139585,0.014010508,0.0,0.0,0.8,,,,,272.19244,5.112419e-11,10.150647,0.1421153,0.918,0.0037,0.00193,-0.008095256,0.00021,26152.75,-11994.493,0.0,1.0
453,104.0,0.057777137,0.93333334,6.305881,0.0,0.0,,,-72.38388,,,0.009615385,0.0,0.0,0.4,,,,,470.3726,0.0,12.3147745,0.32600605,0.99759614,0.00082275504,0.001,-0.019278718,0.00021,116266.29,-7711.8022,0.0,1.0
454,573.0,0.3183298,1.0,5.385713,0.0,0.0,,0.029710336,-88.11951,0.2119581,0.07724866,0.017452007,0.0,0.0,0.6,,,,,405.01318,0.1475686,2.2101097,0.01720251,0.615,0.20147815,0.00207,0.0029973222,0.00017,,,1.0,1.0
455,66.0,0.03666626,0.93333334,5.0490065,0.0,0.0,,,-81.82526,,,0.015151516,0.0,0.0,0.2,,,,,7719651000000000.0,,2.1429474,0.027142575,0.10606061,0.031765677,0.00209,0.0020476915,0.0002,,,1.0,2.0
456,38.0,0.021110877,0.76666665,5.468837,0.0,0.0,,,-94.41376,,,0.02631579,0.0,0.0,0.2,,,,,1.3226448e+16,,1.939532,0.022817655,0.07236842,0.026612904,0.00207,0.00023708778,0.00017,,,1.0,1.0
457,43.0,0.023888623,0.73333335,5.3925266,0.0,0.0,,,-88.11951,,,0.0,0.0,0.0,0.2,,,,,1.0364587e+17,,3.0421565,0.032129034,0.13953489,0.02388664,0.0021,0.0065502822,0.0002,,,1.0,2.0
458,23.0,0.012777636,0.5,5.6590576,0.0,0.0,,,-94.41376,,,0.0,0.0,0.0,0.2,,,,,8450601600000000.0,,2.4205995,0.031865,0.06521739,0.023904383,0.0018,-0.029334953,0.00016,24440.252,-16966.404,1.0,1.0
459,108.0,0.05999933,1.0,5.566736,0.0,0.0,,,-94.41376,,,0.027777778,0.0,0.0,0.2,,,,,203.41441,2.811477e-06,2.223993,0.01900541,0.25925925,0.09166667,0.00206,0.0035728929,0.00017,,,1.0,1.0
460,871.0,0.4838835,1.0,6.1582756,0.0,0.0,0.275,0.00063073647,-107.00226,0.23207891,0.067619145,0.017221585,0.0,0.0,1.0,,,,,,,,,,,0.00191,-0.0638709,0.00024,181183.73,-57481.016,0.0,1.0
461,1360.0,0.75554717,1.0,1.1053927,0.0,0.0,0.115,0.0023138754,-12.588501,1.5574359,0.47421396,0.016176471,0.0,0.0,0.6,,,,,509.426,7.127632e-17,14.825561,0.16124037,0.9905,0.00019716089,0.00094,-0.9218629,0.00034,41820.523,-15377.866,1.0,0.0
462,105.0,0.058332685,0.93333334,2.3436816,0.0,0.0,,,-31.471252,,,0.0,0.0,0.0,0.2,,,,,416.2385,0.0,9.415709,0.3270173,0.9880952,0.00024467826,0.00108,-0.01130436,0.00018,21825.744,-3173.9949,2.0,1.0
463,2701.0,1.5005388,1.0,7.0482244,0.0,0.0,0.03,0.011213849,-100.70801,0.19478549,0.0999209,0.59829694,0.00037023326,0.0,1.0,,,,,132.09225,0.124744415,4.322199,0.04192355,0.3955,0.013841017,0.00053,-0.07405734,0.00019,404563.12,-11560.696,1.0,1.0
464,1343.0,0.7461028,1.0,1.3087115,0.0,0.0,0.115,0.007214012,-12.588501,1.2112885,0.3908404,0.012658228,0.0,0.0,0.8,,,,,181.8423,0.0022774676,6.55611,0.061439246,0.8975,0.09178404,0.00111,-0.0026609425,0.00028,18016.492,132.62245,1.0,1.0
465,137.0,0.076110266,1.0,21.429699,0.0,0.0,,,-321.00677,,,0.1970803,0.0,0.0,0.2,,,,,40.195393,0.7022817,2.405332,0.022364175,0.39781022,0.04816514,0.00159,-0.015208639,0.00019,113261.12,-4781.2495,0.0,1.0
466,87.0,0.048332796,0.93333334,21.421095,0.0,0.0,,,-321.00677,,,0.12643678,0.0,0.0,0.2,,,,,52.78823,0.27271533,2.6597512,0.022607451,0.3505747,0.035311572,0.00172,-0.021221481,0.00019,126774.625,-11766.42,0.0,1.0
467,4897.0,2.7205253,1.0,1.4955282,0.0,0.0,0.01,0.0010113689,-25.177002,0.73359346,0.24265015,0.015519706,0.0,0.0,1.0,0.3855569,0.10626124,0.08548472,,595.72644,0.0,11.119544,0.21993788,1.0,0.0046875,0.00185,-0.08826634,0.00042,32527.502,-2649.754,0.0,1.0
470,1.0,0.0005555494,0.033333335,3.1371617,0.0,0.0,,,-56.648254,,,0.0,0.0,0.0,0.0,,,,,,,16.05794,1.0,0.0,0.0,0.0016,-0.27817073,0.00015,566743.7,-179737.92,6.0,1.0
475,3929.0,2.1827536,1.0,5.993242,0.038867984,1.0,0.025,0.00091484265,-119.59076,0.3035884,0.10069361,0.017307203,0.0,0.0,1.6,0.37962964,0.08556675,0.04605263,,,,16.057941,0.46951008,1.0,1.0,0.00206,0.002058408,0.00018,,,1.0,1.0
480,1557.0,0.8649904,1.0,1.1316015,0.0,0.0,0.09,0.0017909079,-12.588501,1.314101,0.41409028,0.011560693,0.0,0.0,2.0,,,,,1757.1564,0.0,30.556795,0.35088122,1.0,0.0,0.00189,-0.011659335,0.0003,11497.062,-4945.9043,1.0,1.0
481,94.0,0.05222164,0.73333335,1.0906644,0.0,0.0,,,-12.588501,,,0.010638298,0.0,0.0,0.4,,,,,3606.5854,0.0,30.556805,0.39236835,1.0,0.0,0.00141,-0.0130938105,0.0003,10024.377,-1892.7085,1.0,1.0
482,49.0,0.02722192,0.73333335,2.8406157,0.0,0.0,,,-9.094947e-08,,,0.020408163,0.0,0.0,0.2,,,,,1137833100000000.0,,1.355339,0.0069290316,0.010204081,0.010223182,0.0004,-0.008798233,0.00019,174447.67,-1917.6228,0.0,1.0
483,3092.0,1.7177587,1.0,6.467966,0.0,0.0,0.025,0.00070784305,-100.70801,0.21356702,0.060773224,0.019081501,0.0,0.0,1.6,0.5648148,0.080498986,0.13493443,,658.3137,0.0,16.89181,0.19140954,0.996,0.00026954178,0.00164,-0.030394396,0.00026,70031.05,-5626.1934,0.0,1.0
484,2723.0,1.512761,1.0,4.3036137,0.0,0.0,0.03,0.0054142317,-69.236755,0.40026313,0.17516744,0.015791407,0.0,0.0,0.6,,,,,374.24527,5.083145e-11,13.4099,0.12640934,0.9385,0.0,0.002,-0.02773804,0.00025,242767.02,-15594.868,0.0,1.0
486,318.0,0.17666471,1.0,5.7292247,0.0,0.0,,,-88.11951,,,0.034591194,0.0,0.0,0.6,,,,,360.30383,0.0,12.052096,0.11424705,0.8451258,0.0,0.00079,-0.01888449,0.00021,158956.3,-3232.6167,0.0,1.0
487,541.0,0.30055222,1.0,5.381535,0.0,0.0,,0.0010732462,-69.236755,0.35732767,0.09657422,0.020332716,0.0,0.0,0.6,,,,,448.55215,1.5779782e-05,8.60124,0.19638528,0.986,0.014,0.00147,-0.22275487,0.0007,127701.695,-14661.767,2.0,1.0
488,269.0,0.14944278,1.0,3.3325574,0.0,0.0,,,-44.059753,,,0.0111524165,0.0,0.0,0.4,,,,,634.29767,0.0,16.05668,0.18825391,0.9795539,0.0,0.00149,-0.08138516,0.00028,49864.8,-3252.0647,0.0,1.0
489,649.0,0.36055154,1.0,5.886053,0.0,0.0,,0.0052629043,-94.41376,0.19160336,0.03860821,0.012326657,0.0,0.0,0.8,,,,,63.066734,0.28517056,2.2309215,0.054806948,0.5915,0.207,0.00132,-0.055710975,0.00023,192263.94,-4188.3916,0.0,1.0
490,1398.0,0.77665806,1.0,0.27224857,0.9210071,3.0,0.31,0.16714108,6.2942505,4.1439004,2.053096,0.019313306,0.0,0.0,0.8,,,,,44.879955,2.960967,1.260215,0.0016023135,0.112,0.05601324,0.00155,0.015894627,0.0008,,,0.0,5.0
491,588.0,0.32666305,1.0,25.726189,0.0,0.0,,0.0060451506,-289.53552,0.16702636,0.049218312,0.34183672,0.0,0.0,0.6,,,,,472.10925,0.22030684,3.0544937,0.1017801,0.787,0.092177674,0.00186,-0.02468626,0.00019,111210.69,-52149.566,0.0,1.0
492,209.0,0.11610982,1.0,20.636623,0.0,0.0,,,-333.59528,,,0.9186603,0.0,0.0,0.4,,,,,42.68841,0.6080153,2.047473,0.09764239,0.423445,0.06973768,0.00157,-0.021030387,0.00017,125857.19,-7119.828,0.0,1.0
493,3573.0,1.984978,1.0,2.3279538,0.0,0.0,0.03,0.0009874485,-31.471252,0.49045998,0.17332411,0.016232857,0.0,0.0,1.6,0.5833333,0.10631253,0.021040892,,,,,,,,0.00097,-0.44425198,0.00033,129278.195,-9770.718,1.0,1.0
494,738.0,0.40999544,1.0,3.9309692,0.0,0.0,,0.005259389,-56.648254,0.5281751,0.18588945,0.013550135,0.0,0.0,1.0,,,,,202.90622,1.7629229e-06,9.293457,0.17446747,0.9695,0.003286385,0.00042,-0.057882324,0.00024,251316.42,-4985.2866,1.0,1.0
495,972.0,0.539994,1.0,5.3166704,0.0,0.0,0.34,0.0003733949,-69.236755,0.21373992,0.07124944,0.018518519,0.0,0.0,0.8,,,,,152.05981,0.0700659,4.3773584,0.078221396,0.7965,0.1585,0.00163,-0.00045477133,0.00027,27552.56,-257.98795,0.0,1.0
496,1014.0,0.5633271,0.9,0.2924832,0.0,0.0,0.205,0.0014705107,6.2942505,,,0.0147929,0.0,0.0,1.4,,,,,47.640488,2.4809666,1.2587082,0.0015057296,0.1295,0.07006468,0.0004,-0.14036535,0.00069,17987.598,-13290.078,0.0,4.0
497,2372.0,1.3177631,1.0,8.880555,0.0,0.0,0.055,0.0034823257,-151.06201,0.14846481,0.05102174,0.011804384,0.0,0.0,1.4,,,,,,,,,,,0.00058,-0.07102841,0.00022,438754.88,-17648.61,0.0,1.0
498,73.0,0.040555105,0.9,2.9030185,0.0,0.0,,,-37.765503,,,0.01369863,0.0,0.0,0.2,,,,,237.42184,1.4143937e-16,5.3653803,0.14152215,0.74657536,0.0005885815,0.00046,-0.13119395,0.00023,179381.58,-8161.223,1.0,1.0
499,99.0,0.05499939,0.96666664,4.2793183,0.0,0.0,,,-81.82526,,,0.02020202,0.0,0.0,0.2,,,,,217.23651,5.086803e-10,3.8576064,0.29233646,0.8712121,0.0008521847,0.00031,-0.1455475,0.00016,438603.47,-8092.9683,1.0,1.0
500,136.0,0.07555471,1.0,5.3050466,0.0,0.0,,,-75.531006,,,0.029411765,0.0,0.0,0.2,,,,,1978.9249,0.0,22.723501,0.38763884,1.0,0.0,0.00117,-0.10746269,0.00023,76269.086,-11023.015,1.0,1.0
501,2308.0,1.282208,1.0,9.3979025,0.0,0.0,0.225,0.012127766,-176.23901,0.17003374,0.12772648,0.010398613,0.0,0.0,1.2,,,,,714.9077,0.01680276,6.294521,0.11127617,0.96,0.060030393,0.00085,-0.02864689,0.00016,208464.6,-45914.246,1.0,1.0
502,29.0,0.016110932,0.56666666,8.206847,0.0,0.0,,,-157.35626,,,0.0,0.0,0.0,0.2,,,,,1.4664958e+16,,3.7443132,0.13687703,0.1637931,0.013064659,0.00074,-0.02989051,0.00015,235603.64,-2244.4473,1.0,1.0
503,5.0,0.0027777469,0.13333334,3.2702532,0.0,0.0,,,-50.354004,,,0.0,0.0,0.0,0.0,,,,,5.471286e+18,,8.425369,0.26959598,0.55,0.00053304905,0.00031,-0.10118334,0.00061,200236.55,-243.96762,1.0,2.0
504,60.0,0.033332963,0.8666667,4.803184,0.0,0.0,,,-69.236755,,,0.033333335,0.0,0.0,0.2,,,,,133.06895,0.00035437927,2.0247464,0.043731816,0.18333334,0.06879955,0.00077,-0.046122417,0.00018,405511.88,-2399.2297,1.0,1.0
509,83.0,0.0461106,0.96666664,5.1959596,0.0,0.0,,,-69.236755,,,0.012048192,0.0,0.0,0.2,,,,,74.9701,0.06390181,2.259067,0.03751004,0.16867469,0.061627906,0.0008,-0.054028433,0.00019,279183.53,393.66995,1.0,1.0
510,100.0,0.055554938,0.8333333,5.1588244,0.0,0.0,,,-72.38388,,,0.0,0.0,0.0,0.2,,,,,64.11434,0.21161596,1.3613276,0.024748655,0.17,0.12218268,0.00078,-0.05409608,0.00018,301658.06,-5442.886,1.0,1.0
511,53.0,0.029444117,0.8,6.2551303,0.0,0.0,,,-94.41376,,,0.0,0.0,0.0,0.2,,,,,199.71236,7.644766e-07,2.0940225,0.04795764,0.15566038,0.034550563,0.00032,-0.0488384,0.00016,424946.94,2722.3098,1.0,1.0
512,3290.0,1.8277575,1.0,4.019146,0.055432476,1.0,0.08,0.0006475918,-56.648254,0.48597774,0.19704449,0.015197569,0.0,0.0,1.8,0.6735849,0.10859692,0.08294202,,274.0223,0.24346024,1.1467794,0.022794183,0.6565,0.44638827,0.00073,-0.031443343,0.00019,252522.72,-5083.4536,1.0,1.0
514,82.0,0.045555048,0.93333334,5.0300083,0.0,0.0,,,-69.236755,,,0.036585364,0.0,0.0,0.2,,,,,83.58638,0.04879058,2.028544,0.034492444,0.19207317,0.057491288,0.0013,-0.036048274,0.00019,252605.78,-1827.8754,1.0,1.0
515,4.0,0.0022221976,0.13333334,3.8408444,0.0,0.0,,,6.2942505,,,0.0,0.0,0.0,0.0,,,,,998335960000000.0,,4.424193,0.16398044,0.0,6.1259496e-05,0.00116,-0.48074895,0.00015,497749.22,-21798.727,6.0,1.0
516,71.0,0.039444007,0.9,5.0604124,0.0,0.0,,,-94.41376,,,0.0,0.0,0.0,0.2,,,,,98.20701,0.030390967,1.2589864,0.016418811,0.14788732,0.16470589,0.00207,0.003464921,0.00025,,,1.0,1.0
517,57.0,0.031666316,0.8333333,5.2527666,0.0,0.0,,,-94.41376,,,0.01754386,0.0,0.0,0.2,,,,,179.0612,0.0009524053,1.8855189,0.019122915,0.3508772,0.29483697,0.00202,-0.0027706735,0.0002,34926.41,-5773.132,1.0,1.0
518,37.0,0.020555327,0.8,5.4243746,0.0,0.0,,,-94.41376,,,0.027027028,0.0,0.0,0.2,,,,,6.9669012e+16,,1.9318131,0.034829937,0.22972973,0.12009804,0.00206,0.004909014,0.00029,,,1.0,1.0
521,76.0,0.042221755,0.93333334,4.601942,0.0,0.0,,,-81.82526,,,0.013157895,0.0,0.0,0.2,,,,,146.48965,0.0040973932,2.5587723,0.033230916,0.54605263,0.32575756,0.00211,0.0024647885,0.00032,,,1.0,1.0
522,393.0,0.2183309,1.0,0.43220735,0.0,0.0,,,-9.094947e-08,,,0.020356234,0.0,0.0,0.6,,,,,500.97543,0.0,11.885625,0.14909987,0.8600509,0.00019654087,0.00101,-0.0031674604,0.00018,5041.5806,-554.1087,1.0,1.0
523,2114.0,1.1744314,1.0,5.0872064,0.0,0.0,0.05,0.0011259067,-69.236755,0.29615337,0.06616786,0.018448438,0.0,0.0,0.6,,,,,,,,,,,0.0019,-0.021870136,0.00023,19083.193,-14161.223,0.0,1.0
524,49.0,0.02722192,0.8333333,0.4353613,0.0,0.0,,,-6.2942505,,,0.020408163,0.0,0.0,0.2,,,,,,,,,,,0.00298,0.010247545,0.00282,,,0.0,5.0
525,168.0,0.0933323,1.0,3.8580503,0.0,0.0,,,-69.236755,,,0.029761905,0.0,0.0,0.4,,,,,216.55147,2.1881158e-11,10.55791,0.19011043,0.89285713,0.005792683,0.00155,-0.14463843,0.00039,83042.86,-11389.821,0.0,1.0
526,803.0,0.44610617,1.0,3.9966307,0.0,0.0,0.325,0.0019685826,-62.942505,0.33637655,0.10775274,0.01992528,0.0,0.0,0.6,,,,,,,,,,,0.00126,-0.023161491,0.00018,283604.78,-1717.5208,1.0,1.0
527,2097.0,1.1649871,1.0,2.270912,0.0,0.0,0.05,0.0021107488,-31.471252,0.5358855,0.18896264,0.01096805,0.0,0.0,0.81,,,,,762.69556,0.0,18.5145,0.30246672,0.9995,0.0001911315,0.0016,-0.88454634,0.00021,125382.68,-287036.72,3.0,1.0
528,1176.0,0.6533261,1.0,7.401668,0.0,0.0,0.34,0.0013623108,-113.29651,0.3397557,0.18154016,0.071428575,0.0,0.0,1.01,,,,,181.61926,0.021159008,5.471719,0.17057146,0.8965,0.032492355,0.00188,-0.019182416,0.00023,224205.47,-18295.334,0.0,1.0
529,350.0,0.19444229,1.0,0.50104964,0.0,0.0,,,6.2942505,,,0.025714286,0.0,0.0,0.4,,,,,46.57428,3.2402983,1.2604847,0.0021096002,0.08142857,0.042782962,0.00276,0.019165529,0.0006,,,0.0,8.0
530,13.0,0.007222142,0.4,0.82542455,0.0,0.0,,,-9.094947e-08,,,0.0,0.0,0.0,0.0,,,,,9.110657e+16,,20.317965,0.19898307,0.34615386,0.0,0.00155,-0.052265175,0.0027,1657.4462,-14071.823,0.0,6.0
531,21.0,0.011666537,0.53333336,6.5843053,0.0,0.0,,,-62.942505,,,0.0,0.0,0.0,0.2,,,,,1.2358077e+16,,6.220335,0.16292852,0.21428572,0.00035460992,0.00086,-0.05532055,0.00015,263463.88,-2388.9187,1.0,1.0
532,1766.0,0.9811002,1.0,10.751385,1.7314788,9.0,,0.00014653597,-182.53326,0.14697212,0.06496039,0.04303511,0.0,0.0,1.2,,,,,86.190445,0.17374128,3.2115998,0.055546753,0.696,0.11100884,0.00193,0.0019078885,0.00021,,,1.0,1.0
533,2322.0,1.2899857,1.0,10.855756,0.11128372,1.0,0.08,0.0015646494,-188.82751,0.15032557,0.06925723,0.44702843,0.0,0.0,1.2,,,,,58.104218,0.45714465,1.8512781,0.036630444,0.5365,0.16918263,0.00202,0.0018044093,0.00022,,,1.0,1.0
534,2128.0,1.1822091,1.0,1.0866034,0.0,0.0,0.23,0.00053145085,-12.588501,1.2973907,0.3834381,0.015977444,0.0,0.0,1.6,,,,,74.759605,0.615834,3.3368113,0.03122253,0.0875,0.0066338135,0.0013,0.007360508,0.00094,,,1.0,1.0
535,852.0,0.47332808,1.0,5.133046,0.0,0.0,0.29,0.007431694,-88.11951,0.21522222,0.09672065,0.02112676,0.0,0.0,0.81,,,,,112.44018,0.120360255,2.5795946,0.10356486,0.7905,0.16666667,0.00056,-0.018592322,0.00019,360109.56,-1022.66724,1.0,1.0
536,3453.0,1.9183121,1.0,2.3911464,0.0,0.0,0.03,0.00036052652,-44.059753,0.522502,0.18803674,0.010425717,0.0,0.0,0.6,0.61717457,0.12899838,0.08496038,,178.35078,0.0007899345,4.963357,0.10803385,0.8955,0.061625,0.00077,-0.28964612,0.00034,112818.49,-16689.252,1.0,1.0
537,108.0,0.05999933,1.0,4.4417624,0.0,0.0,,,-84.97238,,,0.9259259,0.0,0.0,0.2,,,,,90.86628,0.13864398,1.8123717,0.023133527,0.1712963,0.05887372,0.00121,-0.28561178,0.00031,154086.31,-40104.414,1.0,1.0
538,253.0,0.140554,1.0,4.4370356,0.0,0.0,,,-69.236755,,,0.011857707,0.0,0.0,0.4,,,,,49.851173,0.8254295,1.5083407,0.016653784,0.20256917,0.070452325,0.00205,0.0023377193,0.00018,,,1.0,1.0
539,534.0,0.29666337,1.0,6.413442,0.0,0.0,,0.010802263,-100.70801,0.1674035,0.049309745,0.0093632955,0.0,0.0,0.6,,,,,272.87265,0.029551173,3.7045183,0.15597409,0.888,0.15758294,0.00033,-0.09278514,0.00016,495517.16,-11928.781,1.0,1.0
540,70.0,0.03888846,0.9,12.769964,0.0,0.0,,,-195.12177,,,0.9714286,0.0,0.0,0.2,,,,,103.27556,0.072242826,3.338688,0.16138858,0.32142857,0.029296875,0.00175,-0.030970639,0.00014,93592.086,-10424.86,1.0,1.0
541,186.0,0.103332184,1.0,4.580575,0.0,0.0,,,-75.531006,,,0.005376344,0.0,0.0,0.4,,,,,2891.2087,0.0,15.327254,0.15199547,0.5645161,0.0001114082,0.00202,-0.0026542556,0.00014,18704.596,-3716.0432,1.0,1.0
542,137.0,0.076110266,0.76666665,2.9472558,0.0,0.0,,,-50.354004,,,0.3941606,0.0,0.0,0.4,,,,,117.77212,0.07950093,2.3060658,0.021071559,0.16423358,0.03912281,0.00054,0.042679906,0.00091,,,1.0,0.0
543,973.0,0.5405496,1.0,8.214504,0.0,0.0,0.22,0.0008088736,-125.88501,0.14626242,0.05822722,0.011305242,0.0,0.0,0.8,,,,,119.73348,0.12372194,3.1976953,0.104027174,0.833,0.2105,0.00032,-0.0016864841,0.00019,492847.66,-5182.007,1.0,1.0
544,63.0,0.034999613,0.76666665,5.0785756,0.0,0.0,,,-88.11951,,,0.04761905,0.0,0.0,0.2,,,,,48.748222,0.121254675,2.4663272,0.019738942,0.23015873,0.03607524,0.00131,-0.054288287,0.00015,311820.56,-7019.8364,1.0,1.0
545,123.0,0.068332575,1.0,5.2249403,0.0,0.0,,,-88.11951,,,0.0,0.0,0.0,0.21,,,,,45.397213,0.29319242,2.8721404,0.021387033,0.3699187,0.048954096,0.00088,-0.038146436,0.00014,320136.53,-3469.9656,1.0,1.0
546,671.0,0.37277365,1.0,10.153973,0.0,0.0,,0.002941287,-125.88501,0.23045118,0.058707654,0.011922504,0.0,0.0,0.8,,,,,93.6355,0.24579021,3.1991863,0.10247535,0.715,0.084108524,0.00191,-0.04060284,0.00021,101557.12,-49344.613,0.0,1.0
547,18.0,0.009999889,0.5,1.3878392,0.0,0.0,,,-12.588501,,,0.0,0.0,0.0,0.0,,,,,4.3849155e+16,,8.726947,0.17887305,0.3472222,0.0006377551,0.00166,0.03126885,0.00104,,,1.0,1.0
548,8.0,0.004444395,0.26666668,1.6351266,0.0,0.0,,,-22.029877,,,0.0,0.0,0.0,0.0,,,,,5332912700000000.0,,3.996234,0.10410513,0.0,0.0044080606,0.00097,0.026255084,0.00174,,,1.0,1.0
549,2859.0,1.5883157,1.0,4.040383,0.073405355,1.0,0.09,0.0001422829,-62.942505,0.30489752,0.08623499,0.013291361,0.0,0.0,1.2,,,,,141.91617,0.039440174,4.902751,0.047805075,0.779,0.033856988,0.00149,-0.013493192,0.00024,76908.51,-1404.1964,1.0,1.0
550,251.0,0.13944289,1.0,0.12214593,0.0,0.0,,,6.2942505,,,0.07171315,0.0,0.0,0.4,,,,,55.573696,0.47832322,2.0926125,0.008718162,0.2549801,0.0614241,0.00288,-1.7737973,0.00264,8202.029,-36489.184,1.0,5.0
551,37.0,0.020555327,0.6666667,3.133495,0.0,0.0,,,-50.354004,,,0.08108108,0.0,0.0,0.2,,,,,6319289000000000.0,,3.9888349,0.040487606,0.0472973,0.00033344448,0.00068,-0.106699474,0.00021,215120.31,-8128.5034,1.0,1.0
552,77.0,0.042777304,0.8,2.917856,0.0,0.0,,,-31.471252,,,0.012987013,0.0,0.0,0.2,,,,,355.66498,7.8724904e-16,2.505778,0.013352183,0.10714286,0.017540239,0.00084,-0.03835104,0.00024,76986.07,-2455.046,1.0,1.0
553,1215.0,0.6749925,1.0,1.9149668,0.0,0.0,0.145,0.0017250765,-31.471252,0.6718629,0.30982184,0.013168724,0.0,0.0,1.21,,,,,235.26839,0.25416782,2.6437523,0.010627418,0.5025,0.10814055,0.00096,0.003557846,0.00103,,,1.0,1.0
554,798.0,0.4433284,1.0,3.2908049,0.0,0.0,0.33,0.0017344202,-50.354004,0.32876068,0.074058324,0.018796992,0.0,0.0,0.6,,,,,255.21846,0.011054972,5.991602,0.039386224,0.925,0.046253823,0.00205,0.006577205,0.0004,,,0.0,1.0
555,4701.0,2.6116376,1.0,2.4048328,0.0,0.0,0.015,0.0015043068,-37.765503,0.4719445,0.16383943,0.012975963,0.0,0.0,1.2,0.49344093,0.108880065,0.05713509,,179.71855,0.016397268,4.7726097,0.09977483,0.8415,0.018621344,0.00082,-0.078910895,0.00025,104414.77,-3362.309,1.0,1.0
556,65.0,0.03611071,0.73333335,2.0505736,142.01341,1.0,,,-18.882751,,,0.015384615,0.0,0.0,0.2,,,,,,,1.8849112,0.043251455,0.2653846,0.015833333,0.00144,-0.008680553,0.00021,19521.93,-1117.9955,1.0,1.0
557,1976.0,1.0977656,1.0,5.269268,0.0,0.0,0.055,0.0013710307,-81.82526,0.20014802,0.043062538,0.012651822,0.0,0.0,1.0,,,,,80.956924,0.020746475,5.6551857,0.11908099,0.8735,0.06575,0.00171,-0.08027881,0.00037,106086.164,-18346.799,0.0,1.0
558,914.0,0.50777215,1.0,5.2969985,0.0,0.0,0.25,0.0028672414,-81.82526,0.26250765,0.08630569,0.01750547,0.0,0.0,0.6,,,,,61.347202,0.32793507,2.3594148,0.05229626,0.5915,0.199,0.00111,-0.06520812,0.00025,199967.92,-2043.6073,0.0,1.0
559,618.0,0.34332952,1.0,7.0028973,0.0,0.0,,0.0036548409,-100.70801,0.16426167,0.036307573,0.022653721,0.0,0.0,0.61,,,,,146.35579,0.07235523,4.3773575,0.07777649,0.8415,0.2035,0.00189,-0.014760794,0.00032,86566.09,-13798.422,0.0,1.0
560,701.0,0.38944012,1.0,5.157323,0.0,0.0,,0.0006755,-69.236755,0.32030094,0.069925904,0.0057061343,0.0,0.0,0.8,,,,,577.8536,3.08642e-16,17.547823,0.24303478,1.0,0.002016129,0.00146,-0.007237313,0.0002,33861.086,-1342.6536,1.0,1.0
561,143.0,0.07944356,1.0,10.550541,29.341614,1.0,,,-188.82751,,,0.062937066,0.0,0.0,0.4,,,,,49.922577,0.75627774,1.6291432,0.056368604,0.12587413,0.054664724,0.00195,0.0015296644,0.00018,,,1.0,1.0
562,118.0,0.06555483,1.0,4.3358073,0.0,0.0,,,-88.11951,,,0.025423728,0.0,0.0,0.2,,,,,105.18836,0.025865637,2.6275706,0.23765878,0.7584746,0.04001721,0.00097,-0.4436457,0.00033,185452.88,-41283.457,2.0,1.0
563,134.0,0.074443616,0.96666664,5.630161,0.0,0.0,,,-100.70801,,,0.014925373,0.0,0.0,0.4,,,,,94.14391,0.067127496,2.9630132,0.030730976,0.36380598,0.06806283,0.00106,-0.22395997,0.00027,199436.56,-30004.459,1.0,1.0
564,1091.0,0.6061044,1.0,5.4630084,0.0,0.0,0.175,0.0026442849,-88.11951,0.217612,0.066996485,0.020164987,0.0,0.0,1.0,,,,,74.36752,0.22990169,3.4361372,0.0919398,0.669,0.0527247,0.00085,-0.06906782,0.00018,131240.34,-9436.883,1.0,1.0
565,138.0,0.07666581,0.8666667,2.8214834,0.0,0.0,,,-50.354004,,,0.42753622,0.0,0.0,0.4,,,,,115.44355,0.05170059,1.6570753,0.016994098,0.17753623,0.036065288,0.00051,0.046765108,0.00093,,,1.0,0.0
566,215.0,0.11944312,1.0,3.0359175,0.0,0.0,,,-56.648254,,,0.004651163,0.0,0.0,0.4,,,,,139.02362,0.06348805,3.8127413,0.05405346,0.4348837,0.043921355,0.00052,0.049738273,0.00091,,,1.0,0.0
